id_empresa,score_if_original,score_if_completo,score_if_sem_manual,rank_completo,rank_sem_manual,diff_rank
EMP_RJ_01317,1.0,1.0,1.0,1,1,0
EMP_RJ_01369,0.8283533084968636,0.8929373694370429,0.809041075992673,2,6,4
EMP_RJ_01314,0.8119617245765611,0.8799829888657502,0.8437759371558313,3,3,0
EMP_RJ_01261,0.7888051945851594,0.8419151337148857,0.8209039547998437,4,5,1
EMP_RJ_01352,0.7426762451032345,0.7854850165789556,0.7565942721936297,5,8,3
EMP_RJ_01322,0.725555388018253,0.7700129407047602,0.8374844236507304,6,4,2
EMP_RJ_01353,0.7005503228504093,0.762001238986514,0.7167897876244782,7,13,6
EMP_RJ_01455,0.6890315548121413,0.746136152157931,0.6697705258831619,8,20,12
EMP_RJ_01354,0.6971382829318442,0.7411536753818833,0.7272449104862027,9,11,2
EMP_RJ_01434,0.6944894397086199,0.73940389146595,0.7298321305936979,10,9,1
EMP_RJ_00217,0.6745381597978843,0.7343206557573012,0.7287949110419039,11,10,1
EMP_RJ_01367,0.70738943173607,0.7284354078420565,0.7928719459255773,12,7,5
EMP_RJ_01382,0.6962180651247332,0.7194338913609448,0.7227193285503687,13,12,1
EMP_RJ_01479,0.5717936127467562,0.7182435438569041,0.6018599226509914,14,45,31
EMP_RJ_01357,0.5901980935852164,0.7154076291633331,0.6302129697085124,15,33,18
EMP_RJ_00082,0.6464834823951384,0.7080539766597593,0.8460690820776309,16,2,14
EMP_RJ_01054,0.6061540992259091,0.7079981209674853,0.6591833997193997,17,23,6
EMP_RJ_00675,0.6598218935453255,0.6943824102647566,0.661027860410615,18,22,4
EMP_RJ_01359,0.6794754632960106,0.6878884964843452,0.704500253084428,19,15,4
EMP_RJ_01471,0.6921094720675369,0.6856175151265238,0.5691359440460165,20,71,51
EMP_RJ_01461,0.6979401458008196,0.6838740806930153,0.7136581293640729,21,14,7
EMP_RJ_01499,0.6516511629354604,0.6833340521117612,0.636228792938885,22,31,9
EMP_RJ_00988,0.6829762461604769,0.678445862590328,0.6551855560715434,23,25,2
EMP_RJ_00488,0.5677156297716887,0.6753314301845463,0.625688873235512,24,37,13
EMP_RJ_00563,0.6310404025018775,0.6744979454701789,0.6900581814138386,25,17,8
EMP_RJ_01266,0.7404038280651861,0.669664842190796,0.6233107608966907,26,39,13
EMP_RJ_01436,0.5783302601602041,0.6694853467647253,0.5712177120898879,27,67,40
EMP_RJ_01446,0.5199332537846617,0.6663729432422656,0.5956938527187867,28,49,21
EMP_RJ_00421,0.6091122745757663,0.6641419460919011,0.6729015703715187,29,19,10
EMP_RJ_01459,0.6485252817357894,0.6634117456078406,0.6911085996733752,30,16,14
EMP_RJ_01257,0.6499204438237636,0.6563530578046328,0.6306559371932701,31,32,1
EMP_RJ_00989,0.6329664491526461,0.6526769083998879,0.6045144388759282,32,43,11
EMP_RJ_01394,0.5766440438373365,0.6507707645997118,0.522912752250892,33,99,66
EMP_RJ_01402,0.6010826421907273,0.6491780557476342,0.6616091546484234,34,21,13
EMP_RJ_01478,0.5984257051214008,0.6468881609984753,0.47061694353190786,35,141,106
EMP_RJ_01486,0.6175959877411838,0.6453863466564642,0.5208007718731411,36,102,66
EMP_RJ_01485,0.6175959877411838,0.6453863466564642,0.5208007718731411,36,102,66
EMP_RJ_01286,0.610103236271814,0.6434877413571835,0.6129956638690253,38,40,2
EMP_RJ_01426,0.5811815920987919,0.6371131954059508,0.6429710305338312,39,27,12
EMP_RJ_01361,0.5565546110371672,0.6366356198647765,0.5425705047202504,40,84,44
EMP_RJ_01397,0.6225368605010397,0.6348863593317549,0.6431789002304309,41,26,15
EMP_RJ_01519,0.573832166117948,0.6342053969442142,0.6755567196439729,42,18,24
EMP_RJ_01360,0.6074052267988079,0.6334504054089948,0.5379493647520814,43,89,46
EMP_RJ_01427,0.5647033068647418,0.6318744798464859,0.6412731004930989,44,28,16
EMP_RJ_00127,0.5968131218158292,0.6312934104367316,0.5529093886959856,45,79,34
EMP_RJ_01388,0.6178971607078567,0.6300426567950316,0.6371662556197502,46,30,16
EMP_RJ_01464,0.6079073424436163,0.6293208509609189,0.6293846713134847,47,35,12
EMP_RJ_01422,0.5428139486138757,0.6249423872072206,0.561452961860821,48,73,25
EMP_RJ_01355,0.5263331721059594,0.6243965307130357,0.45877459576085367,49,146,97
EMP_RJ_01414,0.5891765603532466,0.6172264209827202,0.5231256636812657,50,97,47
EMP_RJ_01413,0.5891765603532466,0.6154798574311839,0.5231256636812657,51,97,46
EMP_RJ_01445,0.5850348705260818,0.6152829002582072,0.6278601724017763,52,36,16
EMP_RJ_01293,0.5302340702293933,0.6134997346546328,0.47737687171422705,53,139,86
EMP_RJ_01441,0.6095757948932607,0.6126418803370886,0.5980066136737994,54,48,6
EMP_RJ_01401,0.6070458814929525,0.6114430788443121,0.5883168371970307,55,57,2
EMP_RJ_00938,0.5362014467372622,0.6106082775934427,0.5691929179281459,56,70,14
EMP_RJ_01364,0.6107655551857953,0.6085414655422996,0.5924457033200325,57,54,3
EMP_RJ_01371,0.5457950229872155,0.6083923614422688,0.512641661214538,58,108,50
EMP_RJ_01339,0.5450007222205931,0.6052396766841335,0.5247520373923207,59,95,36
EMP_RJ_00330,0.5613049708478706,0.6045302863387809,0.5256809493823962,60,94,34
EMP_RJ_01344,0.4694628957322031,0.5995643914723764,0.5605277942946751,61,75,14
EMP_RJ_01379,0.5374244746720535,0.5983637480881888,0.5222905472971602,62,100,38
EMP_RJ_01376,0.599386129145223,0.5978092334516589,0.5939506033098336,63,51,12
EMP_RJ_01438,0.593675514066143,0.5942931665368297,0.6007377509918577,64,46,18
EMP_RJ_01274,0.5889515663402877,0.5902149457979455,0.6056728799729758,65,42,23
EMP_RJ_01488,0.5892578952452758,0.5892845412626413,0.5861681022476389,66,59,7
EMP_RJ_00686,0.5496850931353996,0.5892521437741258,0.5050232389970456,67,116,49
EMP_RJ_01281,0.5439104293494788,0.5875830125636179,0.5636583747055791,68,72,4
EMP_RJ_01333,0.5678685086226767,0.5857772489003474,0.5952847118407514,69,50,19
EMP_RJ_01313,0.5525459199006209,0.5856828352042135,0.6586070024296726,70,24,46
EMP_RJ_01456,0.5998223012290729,0.5853766636901121,0.6296431898519921,71,34,37
EMP_RJ_01475,0.5981347053010705,0.5832565842197657,0.4980496129454567,72,121,49
EMP_RJ_01368,0.5204423202497119,0.5807450528653685,0.5820437505712871,73,62,11
EMP_RJ_01467,0.5861392397626857,0.5799419230868114,0.5834827975995489,74,61,13
EMP_RJ_01373,0.6216496211753919,0.5783649880224383,0.5933143883633931,75,52,23
EMP_RJ_01387,0.620150469987701,0.5783649880224383,0.5928028560161065,75,53,22
EMP_RJ_00246,0.5452566179526399,0.5779729068255416,0.6057825072541241,77,41,36
EMP_RJ_01377,0.5718604475383997,0.5765259573520696,0.5113133135612768,78,111,33
EMP_RJ_00860,0.4744735153490462,0.5738956949427727,0.39673679059302436,79,233,154
EMP_RJ_01498,0.5514931120916082,0.5735316375463315,0.4818653511369566,80,132,52
EMP_RJ_01435,0.530429032250112,0.5668602830081958,0.5465736287538926,81,82,1
EMP_RJ_01320,0.5522691313293123,0.5666491512321159,0.5028023405551747,82,118,36
EMP_RJ_01168,0.5500701327533615,0.5645396640493283,0.4974389637379426,83,122,39
EMP_RJ_01279,0.6065096870399749,0.5642436259308092,0.6383693320046487,84,29,55
EMP_RJ_00122,0.5808855152160174,0.563633847291946,0.5160674576800841,85,107,22
EMP_RJ_01348,0.5906977559443131,0.5629632906875297,0.6040355224375402,86,44,42
EMP_RJ_00636,0.5330347523028705,0.5626477831619626,0.5998973346700016,87,47,40
EMP_RJ_01449,0.5366451824245198,0.5616431795299519,0.5847377349181766,88,60,28
EMP_RJ_01437,0.5277353830696787,0.5604936948737543,0.5030762384880645,89,117,28
EMP_RJ_01249,0.4739881056676204,0.5584807874344266,0.3598713138378683,90,278,188
EMP_RJ_01444,0.5358073346031043,0.5556302181382902,0.4908139737898761,91,125,34
EMP_RJ_01443,0.5358073346031043,0.5556302181382902,0.4908139737898761,91,125,34
EMP_RJ_01365,0.4649037838597076,0.5555259989076731,0.43891762209403473,93,173,80
EMP_RJ_01390,0.446034343339178,0.554909727365555,0.5742254744696345,94,64,30
EMP_RJ_01458,0.585075262038151,0.5531756378844611,0.5771223419419966,95,63,32
EMP_RJ_01162,0.4888824298216659,0.5522648421540169,0.44440962330894607,96,165,69
EMP_RJ_01385,0.5561625186992368,0.5517230162380075,0.5186999707017022,97,105,8
EMP_RJ_00868,0.4872976454873492,0.5477068265164274,0.43962794885088996,98,171,73
EMP_RJ_01389,0.4391544979911864,0.5467176560298628,0.5571404815124263,99,78,21
EMP_RJ_01375,0.4703792965280912,0.5428829305753309,0.43571235340849757,100,181,81
EMP_RJ_01494,0.4950044223257176,0.5411775744332981,0.38984049298528467,101,241,140
EMP_RJ_01493,0.4945213811111493,0.5406585504008217,0.3893977828228482,103,243,140
EMP_RJ_01491,0.4945213811111493,0.5406585504008217,0.3893977828228482,103,243,140
EMP_RJ_01492,0.4945213811111493,0.5406585504008217,0.3893977828228482,103,243,140
EMP_RJ_01315,0.440511894339753,0.5386555036772479,0.4142731137505359,105,200,95
EMP_RJ_01400,0.4954308222231055,0.5381840105966562,0.4725457761875316,106,140,34
EMP_RJ_00107,0.463900760846783,0.5369635175499992,0.4877600262537801,107,129,22
EMP_RJ_01496,0.5045640186276799,0.5324698960059089,0.43674062339326825,108,176,68
EMP_RJ_01452,0.4505249821189012,0.5320702713591796,0.4405894334020627,109,167,58
EMP_RJ_01451,0.4505249821189012,0.5320702713591796,0.4405894334020627,109,167,58
EMP_RJ_00210,0.488835003851093,0.5316643592794137,0.5594464779999488,111,77,34
EMP_RJ_01329,0.4635681165411002,0.5310195335882515,0.6249075282597218,112,38,74
EMP_RJ_01442,0.4165907656557645,0.5269955841078257,0.546371632805617,113,83,30
EMP_RJ_01476,0.4885545132599876,0.5249282243459485,0.36943277307509803,114,270,156
EMP_RJ_01326,0.4355260600031686,0.5247518991173952,0.3826434321670168,115,252,137
EMP_RJ_01453,0.5002877300416015,0.5240826739651412,0.45718967110204156,116,147,31
EMP_RJ_01330,0.4693820535242593,0.5195763536714174,0.5099507843574471,117,112,5
EMP_RJ_00991,0.4357643458179089,0.5172287191272308,0.3188809566059492,118,352,234
EMP_RJ_01460,0.523732591485889,0.5159447916667517,0.5696377207294981,119,68,51
EMP_RJ_00092,0.5183116757679025,0.515169004099729,0.3934495093596949,120,237,117
EMP_RJ_01346,0.4960054073854193,0.5137351088802248,0.4930686769166597,121,124,3
EMP_RJ_01391,0.4811333649967071,0.5124333628127227,0.5198196601500561,122,104,18
EMP_RJ_01143,0.4141660418339983,0.5122952016425919,0.5267000168549144,123,91,32
EMP_RJ_00662,0.4949269034676254,0.510725085878232,0.5598488006768164,124,76,48
EMP_RJ_01350,0.4421510407448014,0.5100613472028055,0.4273169466360961,125,187,62
EMP_RJ_01462,0.5460546934355401,0.5098748297197565,0.5483208219416503,126,81,45
EMP_RJ_01366,0.4988159581476441,0.5083124643266483,0.4478501066734253,127,162,35
EMP_RJ_01432,0.4488204988649525,0.5078083543050919,0.5021387230428096,128,119,9
EMP_RJ_00411,0.4091732585106693,0.5065258254909362,0.5608292212372359,129,74,55
EMP_RJ_01341,0.4416424417181698,0.5062313708008301,0.48156584526718127,130,133,3
EMP_RJ_00309,0.3996339494784502,0.5052507968402709,0.5512142315446211,131,80,51
EMP_RJ_01383,0.4583488416478839,0.5033632626685856,0.4897303794586808,132,128,4
EMP_RJ_00714,0.4328684806148738,0.5005169675037736,0.278623878989143,133,416,283
EMP_RJ_00835,0.3714130724357497,0.4995319178412253,0.5262401445058901,134,93,41
EMP_RJ_00602,0.4424172476047547,0.4963088581759023,0.5887861734307738,135,56,79
EMP_RJ_00264,0.4698948373137949,0.49537203336100943,0.39048937299761677,136,239,103
EMP_RJ_01517,0.4860206108912362,0.49533096875437377,0.44052161394963374,137,169,32
EMP_RJ_01338,0.4059066107664777,0.4952663334511942,0.40546751716270213,138,215,77
EMP_RJ_01294,0.464993450786766,0.495078151026348,0.48321327114685486,139,130,9
EMP_RJ_01474,0.4688162146354412,0.489773303593831,0.40575644722542803,140,213,73
EMP_RJ_01271,0.4574372978040328,0.48973601739139927,0.5892778699519943,141,55,86
EMP_RJ_01384,0.4361103889589075,0.48810404129375096,0.4290652279264321,142,186,44
EMP_RJ_01440,0.4401585415042923,0.4865196339257215,0.5381051917571954,143,87,56
EMP_RJ_01306,0.4423780259071387,0.4864654331030196,0.40192188085859315,144,219,75
EMP_RJ_00381,0.4672328780745095,0.4863534902269583,0.3829851561839793,145,251,106
EMP_RJ_00553,0.4619519051568252,0.48629274075535234,0.37801662210721465,146,261,115
EMP_RJ_01448,0.4225409003179949,0.48551817962971766,0.4931835155819416,147,123,24
EMP_RJ_01454,0.4968885605462665,0.4841327479122274,0.5068135817946835,148,114,34
EMP_RJ_01060,0.4874334699396292,0.4839525293389606,0.42059432043743694,149,194,45
EMP_RJ_00308,0.3820132376147891,0.4832240228583762,0.5162090514007531,150,106,44
EMP_RJ_01433,0.435295179888855,0.4827937620839463,0.5395358382639794,151,86,65
EMP_RJ_00558,0.4589666620394222,0.48096209941855284,0.3816657021270673,152,256,104
EMP_RJ_01019,0.4475961301464928,0.48031859865467563,0.3887009754913374,153,245,92
EMP_RJ_01378,0.4257357489910841,0.4800050371156831,0.4792337435582983,154,136,18
EMP_RJ_01469,0.4657615329822671,0.4796281628406366,0.53730026861039,155,90,65
EMP_RJ_01465,0.4904753701610757,0.47765634771532095,0.5714204327657799,156,66,90
EMP_RJ_01463,0.4899938608347363,0.476661438259918,0.572429198587356,157,65,92
EMP_RJ_01487,0.4263729253746539,0.47662633656813846,0.3488303729274267,159,297,138
EMP_RJ_01490,0.4263729253746539,0.47662633656813846,0.34840153386161454,159,298,139
EMP_RJ_01489,0.4263729253746539,0.47662633656813846,0.34840153386161454,159,298,139
EMP_RJ_00693,0.4517733783419492,0.47559035206416,0.37034294114091226,161,267,106
EMP_RJ_01457,0.4851129287811996,0.474661885535536,0.5692402920656396,162,69,93
EMP_RJ_01430,0.4241931437482786,0.4741360569381955,0.4115514911537118,163,207,44
EMP_RJ_01292,0.3839339341680197,0.4734792509125497,0.5380086947417139,164,88,76
EMP_RJ_00985,0.5253459354478882,0.47299501755572115,0.38986269833217513,165,240,75
EMP_RJ_01425,0.4314463701493605,0.47259013465212774,0.5234912584163531,166,96,70
EMP_RJ_00943,0.4425184145169257,0.47217416257979494,0.4831201455367329,167,131,36
EMP_RJ_00651,0.3767640661552056,0.47038008788633046,0.3568666821887262,168,281,113
EMP_RJ_01429,0.4482445582469705,0.46900189122885183,0.49004768487309425,169,127,42
EMP_RJ_01477,0.4692970077298527,0.4680327467925761,0.4702923394963978,170,142,28
EMP_RJ_00867,0.4377384665346086,0.46619077032854583,0.3569823189056107,171,280,109
EMP_RJ_01284,0.4438620152833749,0.4659821611699372,0.5873111433480672,172,58,114
EMP_RJ_01472,0.4221730976750212,0.46520444669826777,0.4352537704850815,173,182,9
EMP_RJ_01439,0.4080212090621238,0.4636003663778636,0.37827149045846287,174,260,86
EMP_RJ_01358,0.4128697365567643,0.46338440775144585,0.4593666619498432,175,144,31
EMP_RJ_01466,0.4515023987681947,0.46311949333061486,0.5075825243058423,176,113,63
EMP_RJ_00177,0.4654192297122499,0.46264480454876755,0.5067838957702583,177,115,62
EMP_RJ_01514,0.4188336437162011,0.4624707444003129,0.3701913800114174,178,268,90
EMP_RJ_01380,0.4036926666643008,0.45919139518367813,0.3986474249627435,179,226,47
EMP_RJ_01381,0.4036926666643008,0.45919139518367813,0.3986474249627435,179,226,47
EMP_RJ_00199,0.3842781359908269,0.4585635469844278,0.24876482739436634,181,494,313
EMP_RJ_01246,0.3722107521876295,0.45509586730558016,0.22153611780626348,182,557,375
EMP_RJ_00979,0.3639123256572822,0.4546462539487508,0.22793745063723259,183,546,363
EMP_RJ_01447,0.4124055518232868,0.4546124888416535,0.48120067784530873,184,135,49
EMP_RJ_01399,0.3998279218076432,0.4545282215138202,0.3956220394993003,185,234,49
EMP_RJ_00781,0.4393957338933995,0.45329601189384183,0.32400746452644735,186,345,159
EMP_RJ_01325,0.464385176026824,0.45298738938836514,0.4357987649315045,187,180,7
EMP_RJ_01184,0.428525966344504,0.4522148793421773,0.274610150748665,188,434,246
EMP_RJ_01396,0.400278271117607,0.451995574521422,0.44762164977674335,189,163,26
EMP_RJ_01473,0.4189371846409502,0.45067056749001355,0.35123917107812985,190,290,100
EMP_RJ_01312,0.4746063738562679,0.44924244725332785,0.3835307893768577,191,249,58
EMP_RJ_01301,0.4534138038738152,0.4485146441957498,0.4129261435035819,192,203,11
EMP_RJ_01423,0.4258189120741421,0.44797266533734215,0.45352846876056063,193,150,43
EMP_RJ_00004,0.4593841686376027,0.447639731863536,0.324006589563,194,346,152
EMP_RJ_01300,0.3783598414692868,0.4474597109573316,0.37098612287768074,195,265,70
EMP_RJ_01508,0.4036773782536852,0.44668763258862954,0.4786720519593537,196,137,59
EMP_RJ_01392,0.3878392709291335,0.4461267688753352,0.43614406533266636,197,179,18
EMP_RJ_01309,0.4400309879640161,0.4460052025539959,0.34686940574572467,198,301,103
EMP_RJ_01332,0.4304571563455331,0.4459594379675287,0.3513523752903205,199,288,89
EMP_RJ_01481,0.4081484017160988,0.44568391323210166,0.35611860409458507,200,283,83
EMP_RJ_01308,0.455578273542305,0.4451043315352792,0.42051564842376987,201,195,6
EMP_RJ_01277,0.4030184276981537,0.4445855865312135,0.4812079765346844,202,134,68
EMP_RJ_00494,0.4305209984245799,0.4445728735586115,0.3321500540288178,203,329,126
EMP_RJ_01406,0.4245085868313041,0.4444627566830043,0.4484303274924073,204,157,47
EMP_RJ_01272,0.4083663191486423,0.44381397533662825,0.34888736261233866,205,295,90
EMP_RJ_01417,0.4239541753436607,0.44349029796125594,0.44889301133906745,208,154,54
EMP_RJ_01418,0.424413340116981,0.44349029796125594,0.44981884873312894,208,152,56
EMP_RJ_01415,0.4239541753436607,0.44349029796125594,0.44889301133906745,208,154,54
EMP_RJ_01408,0.4235903481698658,0.44349029796125594,0.4479678001420545,208,160,48
EMP_RJ_01416,0.4239541753436607,0.44349029796125594,0.44889301133906745,208,154,54
EMP_RJ_01407,0.4235903481698658,0.44349029796125594,0.4479678001420545,208,160,48
EMP_RJ_01409,0.4245085868313041,0.44300431527684214,0.4484303274924073,212,157,55
EMP_RJ_01411,0.4245085868313041,0.44300431527684214,0.4484303274924073,212,157,55
EMP_RJ_01412,0.4239541753436607,0.44251849696924006,0.4484303274924073,214,157,57
EMP_RJ_00937,0.3819200355359657,0.4421476543801355,0.43836887989908113,215,175,40
EMP_RJ_00164,0.3986537644281561,0.4402904836946532,0.27589936992328834,216,428,212
EMP_RJ_01335,0.4512089350753636,0.4401024303896762,0.41405693613666394,217,201,16
EMP_RJ_01504,0.4743209310537098,0.4387031894770774,0.512374084984833,218,109,109
EMP_RJ_00966,0.4451850133759966,0.43857144794521996,0.5115495701600561,219,110,109
EMP_RJ_01056,0.4568246131967459,0.4382620615891065,0.5397801397995976,220,85,135
EMP_RJ_01287,0.3847651414647428,0.43591695657136775,0.3314683230947696,221,331,110
EMP_RJ_01343,0.3419983322744924,0.43395167425169234,0.42139121195596196,222,192,30
EMP_RJ_01331,0.4391332746647353,0.4318021846471538,0.40993416196662313,223,208,15
EMP_RJ_00179,0.3341763292386644,0.431795938007714,0.40158559984404685,224,221,3
EMP_RJ_01421,0.3891951506079958,0.43007874265550217,0.43479690073915034,225,183,42
EMP_RJ_01374,0.3988492821583482,0.4295705677627558,0.45032696132811845,226,151,75
EMP_RJ_00229,0.3333560185679036,0.42818654768174425,0.39950874393195035,227,225,2
EMP_RJ_01363,0.4150041603211405,0.4278325662644523,0.5209677063064089,228,101,127
EMP_RJ_00605,0.4116455620919838,0.42715029711867725,0.25430972514051153,229,480,251
EMP_RJ_00315,0.3326431073327413,0.4261803393028585,0.4249730960934599,230,188,42
EMP_RJ_01318,0.4211951588919704,0.4259647472266703,0.3865050134329868,231,246,15
EMP_RJ_01431,0.4129687649144034,0.42575848875253663,0.5264278477226385,232,92,140
EMP_RJ_00123,0.3482923145765746,0.42505039703122793,0.19790182809199408,233,595,362
EMP_RJ_01016,0.4449043603655195,0.4246474104830369,0.34616969458903524,234,302,68
EMP_RJ_01483,0.3794632050166882,0.4238991100419389,0.32565207273251173,235,342,107
EMP_RJ_01470,0.4294219249441056,0.4238915917933881,0.35612450863767686,236,282,46
EMP_RJ_00186,0.3510792543682275,0.42310372645594874,0.1954713323075974,237,601,364
EMP_RJ_00191,0.3510792543682275,0.42310372645594874,0.1954713323075974,237,601,364
EMP_RJ_01109,0.390721676402312,0.42195025946367826,0.4117851510097138,239,206,33
EMP_RJ_01403,0.4234357186445037,0.4194325756355939,0.4366221470973892,240,177,63
EMP_RJ_01206,0.4285342657060226,0.41903233823160946,0.27356645124221246,241,439,198
EMP_RJ_00028,0.3969926463482812,0.4163087865713677,0.27599626112303655,242,427,185
EMP_RJ_01410,0.3976864494193931,0.41595146280427275,0.4387069651825515,243,174,69
EMP_RJ_00820,0.4057726328111786,0.41403881022820466,0.4595844262891615,244,143,101
EMP_RJ_00907,0.4458649204624914,0.4133363155425335,0.34048165902791727,245,311,66
EMP_RJ_01398,0.3946410904775231,0.41206902427902214,0.4069751798527619,246,210,36
EMP_RJ_00160,0.3265688736328784,0.4119089635658968,0.16370109992640436,247,678,431
EMP_RJ_01405,0.3706891927781482,0.41099425838903136,0.40188522696383844,248,220,28
EMP_RJ_01295,0.4535670884008294,0.41058297402701915,0.349573364556205,249,294,45
EMP_RJ_01349,0.3485459939224413,0.4101345361902625,0.40215048355325456,250,218,32
EMP_RJ_00053,0.4074978210447242,0.4101010993262372,0.251560511164473,251,484,233
EMP_RJ_01362,0.3633566489038069,0.4093173176078204,0.45910077072910416,252,145,107
EMP_RJ_00586,0.340062707829565,0.40910399855682555,0.27582361965819346,253,429,176
EMP_RJ_00298,0.3847287801761823,0.40897483805034385,0.25465115116138215,254,479,225
EMP_RJ_00361,0.3966839138939354,0.4081553818920236,0.4233506548896392,255,191,64
EMP_RJ_01518,0.4290950853490771,0.4073861591672274,0.3137799735498248,256,363,107
EMP_RJ_00634,0.4158712322995952,0.40729106210118904,0.36545249932135215,257,272,15
EMP_RJ_00565,0.3847143307784281,0.407175330008275,0.44184477200826655,258,166,92
EMP_RJ_01144,0.4173427024323173,0.4070606146741038,0.42009126589266443,259,196,63
EMP_RJ_00452,0.3259422931450418,0.40663367232968317,0.1565256944995539,260,694,434
EMP_RJ_00407,0.3722226619125511,0.4059575601781549,0.4241093112622488,261,190,71
EMP_RJ_01282,0.4496082751833189,0.4053597742415752,0.5004029852227632,262,120,142
EMP_RJ_00165,0.3675535775276557,0.40514757308796157,0.27803196414880915,263,419,156
EMP_RJ_00676,0.3742012778017741,0.4045751852145082,0.41772472404782146,264,197,67
EMP_RJ_01000,0.3817244203590046,0.4041466620840436,0.2322061461393352,265,535,270
EMP_RJ_01296,0.3932818823612554,0.40333860290612866,0.33683888376948135,266,320,54
EMP_RJ_01167,0.3828801665608181,0.4032014714545289,0.23749476157499727,268,523,255
EMP_RJ_01163,0.3828801665608181,0.4032014714545289,0.23749476157499727,268,523,255
EMP_RJ_01160,0.3828801665608181,0.4032014714545289,0.23749476157499727,268,523,255
EMP_RJ_01356,0.3728562690975812,0.402824058192656,0.42483303181950294,270,189,81
EMP_RJ_01029,0.3812796945127085,0.40272911589933547,0.2340128440732423,271,531,260
EMP_RJ_01482,0.3754189263298272,0.4027274343991375,0.2935271821337724,272,387,115
EMP_RJ_01480,0.3950932153620763,0.4020637374084013,0.3284370913263277,273,336,63
EMP_RJ_01268,0.4191370315657714,0.399991620548786,0.4394764880377794,274,172,102
EMP_RJ_00209,0.3990798111140761,0.39832088249506026,0.29504290101448494,275,385,110
EMP_RJ_00713,0.3805752468300408,0.3981483884372252,0.22870662199892267,276,545,269
EMP_RJ_00561,0.3395518019350503,0.3968544967243395,0.3355096682396681,277,324,47
EMP_RJ_00418,0.3731004499695122,0.3968324862356244,0.41191605592450875,278,205,73
EMP_RJ_01181,0.3718184380986656,0.39678432856723855,0.40051481699478897,279,222,57
EMP_RJ_01053,0.3802088873361595,0.3959492503483123,0.412959773738391,280,202,78
EMP_RJ_00905,0.3857757422991387,0.395298023512931,0.2212944291632093,281,558,277
EMP_RJ_00066,0.4096783579765484,0.39498163288759747,0.2783096346798749,282,417,135
EMP_RJ_00439,0.4024067772769467,0.39477059077544685,0.1366887897515513,283,775,492
EMP_RJ_00455,0.3664609478559389,0.39469665471330806,0.39500217428911377,284,236,48
EMP_RJ_00501,0.3093302460626532,0.39454722834564215,0.2655477770183574,285,453,168
EMP_RJ_00572,0.2460293191932379,0.39441899347729215,0.4064000616192419,286,211,75
EMP_RJ_00790,0.4499721054536395,0.39392125722022564,0.4296519059713132,287,184,103
EMP_RJ_00554,0.3911335571038975,0.3936412058894585,0.2401357966586426,288,512,224
EMP_RJ_00153,0.2813610233136653,0.39303470305153243,0.2802618632327698,289,415,126
EMP_RJ_01289,0.389928279922792,0.39244500857656306,0.4774813857797816,290,138,152
EMP_RJ_00664,0.3842517789826702,0.39144125558475584,0.23026077153234503,291,542,251
EMP_RJ_00013,0.3742832636161456,0.39137907283006723,0.39802060730503896,292,231,61
EMP_RJ_01468,0.4090012104870716,0.39125426109776706,0.4399117932005412,293,170,123
EMP_RJ_01497,0.3724895425764019,0.39103253595200416,0.2775741750411691,294,424,130
EMP_RJ_01328,0.339139677200052,0.3908961226231432,0.29772577337697426,295,383,88
EMP_RJ_01484,0.3612959581344359,0.39020898748229904,0.2781010803069689,296,418,122
EMP_RJ_01495,0.3662814493716834,0.3892886221605668,0.32751565428081897,297,339,42
EMP_RJ_00623,0.3510514717190024,0.38922880180577135,0.2695221129405888,298,445,147
EMP_RJ_01351,0.3410645060383364,0.3874261739754036,0.40568540612703075,299,214,85
EMP_RJ_01090,0.3685536460038645,0.3870403418449422,0.35080058417092275,300,291,9
EMP_RJ_01094,0.3783861756638024,0.38698007896404774,0.4461682973483333,301,164,137
EMP_RJ_01372,0.3473987041061224,0.38602812708647893,0.39182986557216726,302,238,64
EMP_RJ_00189,0.3560334838115545,0.38462949880082253,0.42106676866283377,303,193,110
EMP_RJ_01270,0.3950300845568859,0.38378486060989625,0.3277848647338425,304,337,33
EMP_RJ_00062,0.4012316144094547,0.3833041190951336,0.2503751150612262,305,486,181
EMP_RJ_01507,0.3862044055464368,0.3829948372989459,0.3251784160253174,306,343,37
EMP_RJ_00067,0.3405109439651966,0.3828098545906883,0.3700525317283374,307,269,38
EMP_RJ_01370,0.359324628798358,0.3824302920460212,0.4544340153050299,308,149,159
EMP_RJ_01509,0.3678093919305089,0.3807949262836823,0.3012323112569527,309,380,71
EMP_RJ_00627,0.3764037665384108,0.3800297725268713,0.41445222171861285,310,199,111
EMP_RJ_01285,0.3752206231869666,0.3789093365281553,0.45469615495483306,311,148,163
EMP_RJ_01269,0.328492117345855,0.3785444620136502,0.3000344156509951,312,381,69
EMP_RJ_01386,0.3197272809430386,0.37624121887012385,0.3652109822213845,313,273,40
EMP_RJ_00575,0.3718777175993075,0.3725459128488784,0.10573347845579417,314,974,660
EMP_RJ_01297,0.311885591841704,0.37132213230338773,0.3633656578875448,315,274,41
EMP_RJ_01018,0.3617718001916794,0.3712741713841351,0.11472531535519759,316,906,590
EMP_RJ_01113,0.3128234476956071,0.3695729690488375,0.3090713730614426,317,370,53
EMP_RJ_00273,0.3419240641456504,0.3695512589169714,0.3985226456219313,318,229,89
EMP_RJ_01215,0.2933275641396629,0.3685290660089965,0.25921996964428196,319,463,144
EMP_RJ_01290,0.343195480516112,0.36846332940907245,0.3543682345478103,320,284,36
EMP_RJ_00290,0.2833107281197344,0.3681361462956231,0.2465201521513083,321,501,180
EMP_RJ_01021,0.3547947135788747,0.36739502565483917,0.16446967840120919,322,675,353
EMP_RJ_01070,0.3460980170918249,0.36573148819925416,0.24945302371985756,323,489,166
EMP_RJ_01063,0.3460980170918249,0.36573148819925416,0.24945302371985756,323,489,166
EMP_RJ_01196,0.2486758473054459,0.3653277803517143,0.2578586213009587,325,465,140
EMP_RJ_01264,0.3374215355822109,0.36517257029125794,0.34708396580225076,326,300,26
EMP_RJ_01072,0.3175553519410335,0.3636261212060874,0.30220842419843785,327,378,51
EMP_RJ_01327,0.3683501020297006,0.36343314301968266,0.29825973527848626,328,382,54
EMP_RJ_01081,0.3701758237793764,0.36271622276563653,0.37984617754290706,329,258,71
EMP_RJ_00774,0.3376383324867842,0.36270599058289843,0.349755656712633,330,292,38
EMP_RJ_01156,0.2503006134994798,0.3626647821711976,0.2560935923335781,331,470,139
EMP_RJ_01170,0.2499003399084106,0.3626647821711976,0.2552634818291507,331,475,144
EMP_RJ_00282,0.3864379759122369,0.3625846987251786,0.395497037005205,333,235,98
EMP_RJ_01135,0.3270706583225964,0.3625416717237614,0.3102197142394726,334,369,35
EMP_RJ_01103,0.3760292820783214,0.362073535493153,0.4296182269130471,335,185,150
EMP_RJ_00721,0.266396122723168,0.3617949011899745,0.2424204496720863,336,507,171
EMP_RJ_00178,0.3739011129855949,0.3610853296511751,0.38208292032227154,337,255,82
EMP_RJ_01337,0.3177272951089894,0.36102493386862056,0.4032290898682164,338,217,121
EMP_RJ_01450,0.3182236565596023,0.3609769933292839,0.41197678144057304,339,204,135
EMP_RJ_01129,0.3110731720595777,0.36096676919217463,0.26767621710780665,340,449,109
EMP_RJ_00550,0.319155655955228,0.36079231254992417,0.38262804671639206,341,253,88
EMP_RJ_01404,0.3144821852865999,0.36061390786273406,0.3985736062127705,342,228,114
EMP_RJ_00190,0.3848959785674207,0.36048865610746017,0.24852460566232182,343,496,153
EMP_RJ_00670,0.3564883552192802,0.36046010577039755,0.38106662312738393,344,257,87
EMP_RJ_00141,0.2715869219169198,0.36027340425699694,0.2415717963363847,345,511,166
EMP_RJ_01124,0.3241744040519312,0.3600580217817808,0.21444808031387097,346,571,225
EMP_RJ_00704,0.3566276052032603,0.3599297879230392,0.3375449350717593,347,317,30
EMP_RJ_01419,0.3148167529578397,0.3596981609372558,0.40327630737898357,348,216,132
EMP_RJ_01139,0.3241744040519312,0.3596002588919657,0.21380257844169415,349,574,225
EMP_RJ_00904,0.3754549845543639,0.3594425510763962,0.4062074976922496,350,212,138
EMP_RJ_01395,0.3319276635386443,0.359170608791309,0.36098447096848296,351,277,74
EMP_RJ_00656,0.2516875637144602,0.358961782678036,0.241858036948284,352,508,156
EMP_RJ_00527,0.3338441451154967,0.35701704130918976,0.34884914501144815,353,296,57
EMP_RJ_01291,0.3346880594966382,0.35645782092243483,0.43629563446631037,354,178,176
EMP_RJ_01147,0.3212505954947618,0.35520047551768796,0.2064324060229551,355,585,230
EMP_RJ_01428,0.3231672856792928,0.3543441141634709,0.34960607371527763,356,293,63
EMP_RJ_01275,0.3170897353692623,0.35381409489788074,0.40027833809260294,357,224,133
EMP_RJ_01150,0.3240662698470444,0.3512253504150846,0.3358346319856427,358,323,35
EMP_RJ_00365,0.2393826016832033,0.35112753574332434,0.23903923987932885,359,514,155
EMP_RJ_01393,0.3227372344481289,0.34946729457850734,0.34532166051148316,360,305,55
EMP_RJ_01073,0.3562876952634476,0.3490702716489782,0.4004046698128778,361,223,138
EMP_RJ_01345,0.2664548903825362,0.34892449093674194,0.2303051837188218,362,540,178
EMP_RJ_01420,0.3201190570763739,0.3488542197896449,0.3409650586806775,363,308,55
EMP_RJ_00417,0.3454526078478396,0.3482998146408076,0.4083179284809748,364,209,155
EMP_RJ_01130,0.3327392964603027,0.3476477899898036,0.3419746246677339,365,307,58
EMP_RJ_00548,0.3092462987703142,0.34760031158244153,0.3709672119017551,366,266,100
EMP_RJ_01278,0.3252602629889224,0.34640906267665694,0.3122103297258083,367,366,1
EMP_RJ_00851,0.3611738731449834,0.346197797756432,0.38340688283530644,368,250,118
EMP_RJ_01342,0.2664548903825362,0.3461392299396475,0.2303051837188218,369,540,171
EMP_RJ_01108,0.3174781332989804,0.34605636462073996,0.317067677484824,370,354,16
EMP_RJ_00259,0.3267084582945226,0.345823728364826,0.3361615621103182,371,322,49
EMP_RJ_01424,0.322224383242948,0.3458201995914181,0.35157470610206265,372,287,85
EMP_RJ_01017,0.3226164044390862,0.3453519539735903,0.30547909230183357,373,373,0
EMP_RJ_00618,0.3174781332989804,0.3450565604142224,0.3165628895416437,374,356,18
EMP_RJ_00525,0.3200895027124713,0.3450565604142224,0.3160583077382958,374,359,15
EMP_RJ_00071,0.3111552443086918,0.3443232347118437,0.3374938145661708,377,318,59
EMP_RJ_00677,0.3111552443086918,0.3443232347118437,0.3374938145661708,377,318,59
EMP_RJ_01192,0.3111552443086918,0.3443232347118437,0.33791896300095847,377,316,61
EMP_RJ_00630,0.3111552443086918,0.3443232347118437,0.33809535027817683,377,315,62
EMP_RJ_01303,0.3572923871527117,0.3439234403060215,0.3857383729792795,380,247,133
EMP_RJ_00772,0.3277239585015735,0.34327644213207775,0.36297457286864077,381,275,106
EMP_RJ_01148,0.2810995610255971,0.3428652046020756,0.2593599446973105,382,462,80
EMP_RJ_00607,0.3487993143432739,0.34117288808397084,0.38254499861372615,383,254,129
EMP_RJ_00431,0.3260543583968263,0.3391645888465431,0.1854180509481108,384,621,237
EMP_RJ_01288,0.3473145403613762,0.3391321371847388,0.32262103587590796,385,348,37
EMP_RJ_00915,0.3787167057402693,0.33901469146794383,0.24718324510441825,386,498,112
EMP_RJ_01501,0.2849175645584869,0.3386333475415044,0.3856979440765437,387,248,139
EMP_RJ_00317,0.3100779941269801,0.33818221679650995,0.33510093177943245,388,326,62
EMP_RJ_00982,0.3615325370098285,0.3373732356052155,0.2752376339136787,389,431,42
EMP_RJ_00957,0.2435754133947014,0.33686349643823843,0.221767276831342,390,556,166
EMP_RJ_00940,0.2775250290535238,0.33621249360684324,0.24818124229365135,391,497,106
EMP_RJ_00801,0.2775250290535238,0.33583573331695604,0.24471439372240034,392,502,110
EMP_RJ_00893,0.2609121172309451,0.33532162948070976,0.21892618577198075,393,561,168
EMP_RJ_00892,0.2609121172309451,0.33532162948070976,0.21892618577198075,393,561,168
EMP_RJ_00752,0.3140062527617457,0.3352970854919304,0.34515584666744503,395,306,89
EMP_RJ_00934,0.324636596157292,0.33501573420025954,0.37480607620751794,396,263,133
EMP_RJ_00789,0.261720252784642,0.33432983839957064,0.21878924760595408,397,564,167
EMP_RJ_01092,0.3088464238509906,0.3342822561403811,0.33630546927694904,398,321,77
EMP_RJ_01299,0.2936154083501211,0.3339145127635216,0.37106514643148536,399,264,135
EMP_RJ_00100,0.3100779941269801,0.3338438362263235,0.33382877633914854,400,327,73
EMP_RJ_00303,0.32011082143946,0.33363261076296635,0.35349577744608907,401,285,116
EMP_RJ_00729,0.3178910599517656,0.33325204281178245,0.2013544099509239,402,589,187
EMP_RJ_01319,0.3008570271024845,0.32914980293316365,0.31519613558507464,403,361,42
EMP_RJ_00549,0.264377532347652,0.3289933946366028,0.22320794228162855,404,551,147
EMP_RJ_00131,0.2656627419512135,0.32895122185737224,0.23818085052569105,405,519,114
EMP_RJ_01276,0.2909125432353912,0.32868335552490846,0.26696709222897996,406,451,45
EMP_RJ_00941,0.2929711270113223,0.32865738477584894,0.18089947207200052,407,636,229
EMP_RJ_00409,0.3143463225051064,0.3275676008572227,0.3528444565301767,408,286,122
EMP_RJ_01233,0.3074962887025693,0.3270817651094656,0.30143910359891224,409,379,30
EMP_RJ_00795,0.2921418546950182,0.3267709869843043,0.17825515374910783,410,644,234
EMP_RJ_00170,0.2637133932857514,0.3265107570088278,0.23720811733179092,411,525,114
EMP_RJ_01324,0.279528908779005,0.3262345110054422,0.3595526520306638,412,279,133
EMP_RJ_01260,0.2916855702485502,0.3256181474539226,0.2690145549732871,413,446,33
EMP_RJ_00825,0.3687102585181105,0.323828165811331,0.23885428209579418,414,517,103
EMP_RJ_00638,0.3101261038684366,0.3238069288409735,0.3325076802639355,415,328,87
EMP_RJ_00595,0.3170469561069466,0.32329611192969687,0.20516057249644026,416,586,170
EMP_RJ_00958,0.3237890576198456,0.32217308299965486,0.34553141558421996,417,304,113
EMP_RJ_00021,0.3323156024482302,0.32168184517334486,0.3512410292673739,418,289,129
EMP_RJ_00505,0.2864824967769671,0.3212763376110761,0.2868428349626173,419,395,24
EMP_RJ_01323,0.3006913523299356,0.3212061974370576,0.34564840699813215,420,303,117
EMP_RJ_00520,0.3142247833062541,0.3199546666291708,0.15247167061739042,421,703,282
EMP_RJ_01302,0.2912250195498986,0.3197388709100044,0.28950538823286875,422,393,29
EMP_RJ_00678,0.3136989987923252,0.3187795078098775,0.2112328704247004,423,578,155
EMP_RJ_00036,0.2434480255055867,0.3185528644153627,0.23086140490458495,424,537,113
EMP_RJ_01187,0.2556553597301312,0.31654033040429985,0.39685820023857843,425,232,193
EMP_RJ_00827,0.3702799466606411,0.31422381566283597,0.20508752767215677,426,587,161
EMP_RJ_00975,0.2757398987328427,0.31386985499368414,0.16255856845331917,427,682,255
EMP_RJ_00110,0.2423802253660398,0.3138151227411601,0.2292584406471586,428,544,116
EMP_RJ_01307,0.2904010046910289,0.3137845731960174,0.3399950176913831,429,314,115
EMP_RJ_00214,0.2835223485342691,0.31373170147459273,0.27359989484386105,430,438,8
EMP_RJ_01503,0.270202426604799,0.3135523905336268,0.3400608926690496,431,313,118
EMP_RJ_01316,0.2762797190762828,0.3134883722692078,0.31641853812926113,432,357,75
EMP_RJ_00151,0.3100413952079902,0.31348078158265913,0.39847861575782395,433,230,203
EMP_RJ_00930,0.2186250711789745,0.3132258305877773,0.21765952566134938,434,567,133
EMP_RJ_00841,0.2849044673810633,0.3131371299936294,0.1442089263871168,435,741,306
EMP_RJ_00758,0.2192209394083305,0.3119765606266005,0.21684597729827104,436,569,133
EMP_RJ_00033,0.2515346647282042,0.311617394081252,0.3293869900653337,437,333,104
EMP_RJ_00761,0.352173179709264,0.3108133121099078,0.21023886030097882,438,580,142
EMP_RJ_00068,0.3128377320395402,0.3107863037656653,0.3297990847693054,439,332,107
EMP_RJ_00511,0.2900889471791847,0.3101874504261908,0.21253639101814592,440,576,136
EMP_RJ_00877,0.3179968873414288,0.30936863388035885,0.21858526909510057,441,565,124
EMP_RJ_00763,0.2406349431675949,0.3090536583045367,0.3269576973837308,442,341,101
EMP_RJ_01231,0.2539067865908445,0.3078930701896564,0.23525742441741349,443,529,86
EMP_RJ_00719,0.293848475473127,0.30690082562198473,0.1546044897427471,444,698,254
EMP_RJ_00695,0.2838212052466143,0.3068663125204598,0.27452479549065834,445,435,10
EMP_RJ_01013,0.2702599586822366,0.3060951159830122,0.25486419823821715,446,477,31
EMP_RJ_00171,0.3375655431988013,0.3057993130572836,0.13598407709323523,447,777,330
EMP_RJ_00786,0.2113909836035437,0.3052515351734696,0.3408156757068307,448,309,139
EMP_RJ_01037,0.3620619894145247,0.3050802352051779,0.2445086123219602,449,503,54
EMP_RJ_00862,0.2831078447987855,0.3045529909754905,0.31449576957012726,450,362,88
EMP_RJ_00751,0.221014147251094,0.3038930155035856,0.20806220483848636,451,582,131
EMP_RJ_00750,0.221014147251094,0.3038930155035856,0.20806220483848636,451,582,131
EMP_RJ_00485,0.1818216165367833,0.30371032147476196,0.27716920457159133,453,425,28
EMP_RJ_01228,0.2761650821711056,0.30283552755422893,0.28173823684802324,454,405,49
EMP_RJ_01256,0.2614089689300121,0.30135996581335545,0.2813340078122284,455,407,48
EMP_RJ_00770,0.1997339986150298,0.30126165482567346,0.3401841398142921,456,312,144
EMP_RJ_00863,0.3054014163185126,0.3006215941749586,0.2272886222966255,457,548,91
EMP_RJ_00278,0.2371590022119936,0.299796864518867,0.16430708286599094,458,676,218
EMP_RJ_01158,0.3021356990952427,0.2997709218098974,0.31132948791696624,459,367,92
EMP_RJ_00022,0.2892237122193364,0.2994701489436602,0.29152234019356993,460,389,71
EMP_RJ_01258,0.2751478433017588,0.2994569871325726,0.3788743750220043,461,259,202
EMP_RJ_01334,0.272325055974717,0.29916395659365347,0.37703976460359345,462,262,200
EMP_RJ_01500,0.2705982115593213,0.29884801936203687,0.2942949455726305,463,386,77
EMP_RJ_01247,0.2633244468519321,0.2987288315901353,0.15114736761435277,464,705,241
EMP_RJ_00155,0.2655572124216304,0.29861561378737034,0.2895144867622904,465,391,74
EMP_RJ_00499,0.2841043874714065,0.29733245133418573,0.26710530023521406,466,450,16
EMP_RJ_00935,0.3119410106583962,0.2973199717604207,0.32896756270065086,467,334,133
EMP_RJ_01066,0.3066828391476831,0.29707559532427863,0.3284965714829936,468,335,133
EMP_RJ_00128,0.24062328250747,0.2968285999316709,0.20001275860135148,469,593,124
EMP_RJ_01235,0.2600812948199729,0.2963551901965139,0.14739151446959797,470,725,255
EMP_RJ_01505,0.2600812948199729,0.2963551901965139,0.1494478134893209,470,714,244
EMP_RJ_00181,0.2623898758821529,0.2961853083690238,0.2895144867622904,472,391,81
EMP_RJ_00487,0.2867209450375412,0.2959807876284951,0.32767449255846093,473,338,135
EMP_RJ_01030,0.2372280583928471,0.29551526217078894,0.31118495484461006,474,368,106
EMP_RJ_00737,0.2548123728750439,0.2954927753977912,0.2820838932041617,475,403,72
EMP_RJ_01133,0.2681674267898747,0.29546584034972556,0.12232491113397825,476,858,382
EMP_RJ_00322,0.3061425175601716,0.29450216526106454,0.3183328777540061,477,353,124
EMP_RJ_01084,0.2589425330382995,0.29417684141250366,0.2737183358390075,478,437,41
EMP_RJ_00056,0.2655232349294221,0.29397367799434393,0.2810009818165936,479,411,68
EMP_RJ_00002,0.2600812948199729,0.29361902800356965,0.13960168215596525,480,761,281
EMP_RJ_01311,0.2853184205716377,0.2936052444363334,0.2900574749219983,481,390,91
EMP_RJ_00043,0.2770705746866452,0.292577164436288,0.3210739226437075,482,351,131
EMP_RJ_00647,0.285735227707113,0.2925000855078227,0.2534158838203562,483,482,1
EMP_RJ_01259,0.2869192242106517,0.2922085750756588,0.2886221854125113,484,394,90
EMP_RJ_01193,0.2718576746416951,0.2920918920712068,0.26557588113118935,485,452,33
EMP_RJ_00897,0.2672104709701677,0.291053874355117,0.1199536781533459,486,873,387
EMP_RJ_00883,0.257676743849989,0.2909918083463936,0.2779769494058202,488,421,67
EMP_RJ_00874,0.2572739753865162,0.2909918083463936,0.2779769494058202,488,421,67
EMP_RJ_00873,0.2572739753865162,0.2909918083463936,0.2779769494058202,488,421,67
EMP_RJ_00882,0.257676743849989,0.2909918083463936,0.2779769494058202,488,421,67
EMP_RJ_00457,0.2715024847836058,0.2908400211136175,0.25584230124839347,491,472,19
EMP_RJ_00898,0.3212015541565338,0.2904979428312465,0.22267867323158863,492,552,60
EMP_RJ_00211,0.2786027017270966,0.2904153423694118,0.3221863398041003,493,350,143
EMP_RJ_00174,0.2696118690439472,0.2900271840110886,0.340605883330937,494,310,184
EMP_RJ_00108,0.2710426825668754,0.28991949062760136,0.2566890388639623,495,468,27
EMP_RJ_01007,0.3037431516602955,0.28964815076006234,0.20011049182155616,496,592,96
EMP_RJ_00058,0.2536533644724784,0.289239176501759,0.12995632043722516,497,805,308
EMP_RJ_00077,0.2689196026022589,0.28861932625917064,0.25984632841483846,498,460,38
EMP_RJ_00917,0.2716463839905626,0.28842929848439547,0.3050746652812588,499,374,125
EMP_RJ_00232,0.2627943753125288,0.28785299007539933,0.280349992675307,500,413,87
EMP_RJ_00383,0.2643313087917548,0.2877528661545129,0.28667160622429455,501,397,104
EMP_RJ_00698,0.2644941286601213,0.2864810126947763,0.312301448508015,502,365,137
EMP_RJ_00116,0.2453116009934645,0.28574946901329046,0.23902183229393215,503,515,12
EMP_RJ_00430,0.2624323924985706,0.28514817917471624,0.30436888023226594,504,375,129
EMP_RJ_00334,0.2710426825668754,0.28499835852911903,0.259208248111516,505,464,41
EMP_RJ_00560,0.2607571122713564,0.2849555306488556,0.28640141662123764,506,398,108
EMP_RJ_00241,0.2627943753125288,0.28381047592474484,0.280349992675307,507,413,94
EMP_RJ_00242,0.2627943753125288,0.28381047592474484,0.280349992675307,507,413,94
EMP_RJ_00551,0.2604872253285208,0.28364866480673534,0.28323524307799286,509,401,108
EMP_RJ_00555,0.2618272517014901,0.28364866480673534,0.28323524307799286,509,401,108
EMP_RJ_00980,0.3474643904549443,0.2836070490091055,0.21384596417588475,511,573,62
EMP_RJ_00736,0.2629631236551049,0.28199004798431093,0.1158061198559055,512,901,389
EMP_RJ_00285,0.2561585707403265,0.281765657406588,0.25244402875606786,513,483,30
EMP_RJ_00456,0.2716100722299536,0.28124212446638475,0.2540282197661382,514,481,33
EMP_RJ_00118,0.2511018882455256,0.28120254558950164,0.2502613306873045,515,487,28
EMP_RJ_01340,0.2302577718303307,0.28103638157622635,0.3352133573812608,516,325,191
EMP_RJ_00328,0.2797281503595545,0.28059618226706706,0.2617053438191027,517,458,59
EMP_RJ_00601,0.1893219077804253,0.2805290169461361,0.2867456029718949,518,396,122
EMP_RJ_00839,0.2799349899092077,0.2804064613758426,0.23358796500293122,519,532,13
EMP_RJ_00271,0.2615329399752802,0.2802239939841382,0.2810334137703526,520,409,111
EMP_RJ_00269,0.2628782825369663,0.2802239939841382,0.2810334137703526,520,409,111
EMP_RJ_00852,0.3330181675108107,0.280052425591231,0.18481798968832508,522,625,103
EMP_RJ_00284,0.2529260785040059,0.27983151018244845,0.31265339863979047,523,364,159
EMP_RJ_00733,0.250623374392768,0.27827268269724115,0.3090447531548054,524,371,153
EMP_RJ_00300,0.2612369914116029,0.2781595914071936,0.2813552368791642,525,406,119
EMP_RJ_00009,0.2726857016654929,0.2767305263454167,0.26273517097603094,526,456,70
EMP_RJ_00533,0.2715576924463182,0.276657516034693,0.25672959168847187,527,467,60
EMP_RJ_01263,0.2836770862342483,0.276401408981626,0.2704276473884206,528,443,85
EMP_RJ_00652,0.2596641009093591,0.27544534821830347,0.25140443431912574,529,485,44
EMP_RJ_00518,0.1796954274374388,0.275145553017502,0.281086778447719,530,408,122
EMP_RJ_00307,0.2688356573879202,0.2748930523129801,0.12111041424586333,531,868,337
EMP_RJ_01304,0.2468698989296436,0.2747112859615155,0.23030606936331144,532,539,7
EMP_RJ_00952,0.2271872306578128,0.27453468185195085,0.4160667709632242,533,198,335
EMP_RJ_00747,0.2552143282101902,0.27437008955570796,0.2678725690968702,534,448,86
EMP_RJ_00236,0.264869187582373,0.2734287518269958,0.24869564900339336,535,495,40
EMP_RJ_00406,0.2737471999862717,0.27332473120361,0.11990289147275413,536,875,339
EMP_RJ_00734,0.2488389038815524,0.27311668095184816,0.2839277159789724,537,400,137
EMP_RJ_00144,0.2442737281643768,0.27268305069852805,0.317005221661377,538,355,183
EMP_RJ_00175,0.2388005919996609,0.27139660908970387,0.05412312912739958,539,1243,704
EMP_RJ_00805,0.2848694911167622,0.2713230957398277,0.19755752026960782,540,596,56
EMP_RJ_00657,0.2554488220131761,0.270980050798153,0.10988302751664836,541,937,396
EMP_RJ_00358,0.2119059657593321,0.2695702855511162,0.292204345521899,542,388,154
EMP_RJ_00881,0.2525425941297056,0.2693675672920506,0.24714327869872965,543,499,44
EMP_RJ_00828,0.2865177091915885,0.26920743428717253,0.19196648274245176,544,611,67
EMP_RJ_00691,0.2545142116863815,0.26915623893592144,0.25940888704291054,545,461,84
EMP_RJ_00999,0.3215853961621564,0.2689084628130758,0.18705516576325198,546,618,72
EMP_RJ_00357,0.2561464592977002,0.26854502639885336,0.29702641931803775,547,384,163
EMP_RJ_00799,0.2832469398406096,0.2681234760042118,0.19755752026960782,548,596,48
EMP_RJ_00728,0.2450421541818542,0.2672219526082572,0.2722722551974468,549,440,109
EMP_RJ_01511,0.2312094671368808,0.26681258627538496,0.19560587966365728,550,600,50
EMP_RJ_00462,0.2274161916936697,0.2667994595529376,0.3163171438260527,551,358,193
EMP_RJ_00267,0.2425534500629844,0.2659534226366199,0.27501804461701174,552,432,120
EMP_RJ_00626,0.2490733581369677,0.2655130998953985,0.1079907375859902,553,952,399
EMP_RJ_00620,0.2474981318212136,0.2655130998953985,0.1079907375859902,553,952,399
EMP_RJ_01020,0.3199633335467146,0.2653160697766367,0.18054460842499442,555,637,82
EMP_RJ_01347,0.2417539833263207,0.2651761735788072,0.24974425515893506,556,488,68
EMP_RJ_00497,0.2458755567923582,0.2650021425280762,0.10718363965361477,557,958,401
EMP_RJ_00625,0.2587331902995127,0.26496379232567446,0.27488417663808506,558,433,125
EMP_RJ_00616,0.2474981318212136,0.26494810671108315,0.1079907375859902,559,952,393
EMP_RJ_01267,0.2227279181668234,0.2647923684853415,0.268678169143462,560,447,113
EMP_RJ_00408,0.2336985363625155,0.2645108291055459,0.31530352218016444,561,360,201
EMP_RJ_00596,0.2466637892464722,0.2643100906311717,0.10665051469951403,563,962,399
EMP_RJ_00582,0.2455840336977763,0.2643100906311717,0.10573347845579417,563,974,411
EMP_RJ_00590,0.2466637892464722,0.2643100906311717,0.10665051469951403,563,962,399
EMP_RJ_00464,0.2442644341012618,0.263363623610126,0.10954617950668633,565,943,378
EMP_RJ_00846,0.217365897685141,0.26326973113114127,0.3225490898567617,566,349,217
EMP_RJ_00343,0.2642188186527392,0.26321316479608015,0.22216178906834705,567,555,12
EMP_RJ_00292,0.230641614622606,0.2626497216840856,0.28409882360735483,568,399,169
EMP_RJ_00449,0.2438662021630228,0.25995432744093616,0.10939712384084954,569,945,376
EMP_RJ_00964,0.273916672648465,0.2599373360802909,0.1846154549111988,570,627,57
EMP_RJ_00438,0.2438662021630228,0.2595304232185599,0.1097450956724858,572,941,369
EMP_RJ_00433,0.2442644341012618,0.2595304232185599,0.1097450956724858,572,941,369
EMP_RJ_00434,0.2442644341012618,0.2595304232185599,0.1097450956724858,572,941,369
EMP_RJ_00536,0.2311463510251804,0.25856776039142637,0.2490947371546287,574,493,81
EMP_RJ_01219,0.1604922378129183,0.2585567010472085,0.36566795793726936,575,271,304
EMP_RJ_00610,0.2473304224370985,0.2581688962391193,0.04971911817139396,576,1275,699
EMP_RJ_01112,0.2023758089903804,0.2581161704341911,0.1531769369477125,577,701,124
EMP_RJ_00777,0.2416520683088475,0.25717591966145703,0.23065974546209933,578,538,40
EMP_RJ_01516,0.3102550176231594,0.2570966098771781,0.18392780105903395,579,634,55
EMP_RJ_00045,0.2342532850045017,0.256910915510582,0.23822858012498116,580,518,62
EMP_RJ_00187,0.2160067671162868,0.25642281854381255,0.30419178600724517,581,377,204
EMP_RJ_00168,0.2366400120451945,0.2556974037091113,0.2222104181823712,582,554,28
EMP_RJ_00648,0.2433083904581251,0.2555492660861006,0.22652329498136314,583,549,34
EMP_RJ_00194,0.227648462479357,0.253620520433534,0.22038879711841375,584,559,25
EMP_RJ_00749,0.2943182083280925,0.25339538304792897,0.11676960555539495,585,892,307
EMP_RJ_00072,0.208476290457607,0.25329966773954493,0.1114424480883821,586,925,339
EMP_RJ_00173,0.3007400104866453,0.2528738398069069,0.15900016182495424,587,690,103
EMP_RJ_00371,0.3040891856564981,0.25218613062961037,0.13751229728676895,588,770,182
EMP_RJ_00949,0.2254319261961899,0.2519911886068614,0.23615111561708946,589,526,63
EMP_RJ_01176,0.2053378866204877,0.25137634295231726,0.3250128936775264,590,344,246
EMP_RJ_00074,0.2615652330122689,0.2509927028610168,0.2628499615670671,591,455,136
EMP_RJ_00658,0.1487875368051553,0.24990783759024626,0.21737769877657864,592,568,24
EMP_RJ_01152,0.1911241069586833,0.24978745237676447,0.2820800133293009,593,404,189
EMP_RJ_00225,0.2605540731429527,0.24934029266465496,0.25775493354386636,594,466,128
EMP_RJ_00026,0.2632986017671391,0.24925667439862265,0.18473303726920076,595,626,31
EMP_RJ_00318,0.2554218156109968,0.24851321646969393,0.25474605950951845,596,478,118
EMP_RJ_00044,0.2299230288947065,0.24838588209192924,0.22532582216472807,597,550,47
EMP_RJ_00927,0.1904149465411259,0.24738368226709861,0.2740919664215632,598,436,162
EMP_RJ_00270,0.2185457707203979,0.2466784997608411,0.23892317390509699,599,516,83
EMP_RJ_00812,0.2340962054514168,0.24636916116921959,0.1902103510877189,600,614,14
EMP_RJ_01251,0.2562125112418879,0.24603921685204977,0.15844796634415959,601,692,91
EMP_RJ_00237,0.2050676926617922,0.24502894652812013,0.09797104436746906,602,1010,408
EMP_RJ_01208,0.2562125112418879,0.244930562611831,0.15844796634415959,603,692,89
EMP_RJ_00908,0.2602752500612935,0.24429341857468223,0.16720134328306002,604,669,65
EMP_RJ_00039,0.273067321438932,0.24376841855440934,0.051227720074449534,605,1262,657
EMP_RJ_01226,0.2493145623453304,0.2427215774398358,0.14507403263099794,606,736,130
EMP_RJ_01225,0.2493145623453304,0.2427215774398358,0.14530598133649697,606,734,128
EMP_RJ_00390,0.2353945977177184,0.2424380022764061,0.2758032932185135,608,430,178
EMP_RJ_00248,0.2724289708426628,0.24235415926050474,0.049233654316370945,609,1279,670
EMP_RJ_01305,0.2176738947888152,0.24156692655119005,0.23971756645568687,610,513,97
EMP_RJ_00145,0.2745601675791007,0.2407282589321711,0.044995010154797566,611,1311,700
EMP_RJ_00342,0.2059070532129484,0.2403742616816743,0.0964433661042805,612,1019,407
EMP_RJ_00545,0.1897756989156144,0.2400021724698378,0.24936935114520675,613,491,122
EMP_RJ_00274,0.2300461722636327,0.239988854102841,0.0401521689828267,614,1348,734
EMP_RJ_00931,0.2632120721899121,0.2394869990520393,0.1530775690082251,615,702,87
EMP_RJ_01101,0.1853248238406075,0.2389192760322335,0.1350566693478733,616,782,166
EMP_RJ_00376,0.1832840331811204,0.23844657226217658,0.2442693373048319,617,504,113
EMP_RJ_00641,0.1583446680449345,0.23825464151171383,0.21857439873638995,618,566,52
EMP_RJ_00776,0.26990012676614,0.2381859639321925,0.1689795383158048,619,668,49
EMP_RJ_00073,0.2049318249625358,0.2378977963829425,0.15340157944486177,620,700,80
EMP_RJ_00208,0.2500566776454259,0.23787675603521763,0.13153779136550747,621,796,175
EMP_RJ_00389,0.2661946193345719,0.23652473066821456,0.1251720018324013,622,831,209
EMP_RJ_00512,0.2037523944307854,0.23587564486231483,0.024610691082202374,623,1426,803
EMP_RJ_00272,0.22267826901371,0.2358408875316249,0.2707565927029709,624,442,182
EMP_RJ_00198,0.2312168796714591,0.23536525504387407,0.24175807629028323,625,509,116
EMP_RJ_00034,0.1827734605132193,0.23512747439477377,0.24405672249475285,626,505,121
EMP_RJ_00192,0.2301512614261749,0.23481379284703696,0.24175807629028323,627,509,118
EMP_RJ_00375,0.2009193064448416,0.23454666861740392,0.02092026937096636,628,1440,812
EMP_RJ_01250,0.2295718903190688,0.23331249894211448,0.13543317685168366,629,780,151
EMP_RJ_00936,0.2551565111077354,0.23322206854719618,0.1517403917126139,630,704,74
EMP_RJ_01091,0.2218290899190421,0.23316965663718314,0.3624665805144136,631,276,355
EMP_RJ_01205,0.2326234953207548,0.232931723461969,0.14446920264409935,632,740,108
EMP_RJ_00231,0.2394345116850815,0.23207851816905667,0.12470223797079671,633,834,201
EMP_RJ_00780,0.1810359722841136,0.23149695007378412,0.1177859224077602,634,889,255
EMP_RJ_00723,0.2022535774846118,0.23124495405959278,0.14894182778020437,635,717,82
EMP_RJ_00047,0.2180493069027845,0.23035657630405004,0.11790299420042394,636,887,251
EMP_RJ_01075,0.1593730304882791,0.23019065816392714,0.17487179887730708,637,654,17
EMP_RJ_00030,0.2176599418628103,0.2296389632771525,0.11691553728471471,638,891,253
EMP_RJ_00817,0.2802008371388786,0.2291195630049656,0.2222798807188986,639,553,86
EMP_RJ_00503,0.2010666516374317,0.2282033854843366,0.24711088675388504,640,500,140
EMP_RJ_00419,0.1994094543233807,0.22771575640197794,0.16506959768364093,641,674,33
EMP_RJ_01265,0.1792027103193892,0.22623302301057113,0.12655346710744475,642,824,182
EMP_RJ_00710,0.2524301585361219,0.2261225971619093,0.10026364146123679,643,1001,358
EMP_RJ_00890,0.2365910573385425,0.2261078593717747,0.15616663794292585,644,695,51
EMP_RJ_01202,0.1447991361931822,0.22552001441878244,0.2558601356848166,645,471,174
EMP_RJ_00569,0.2317867901820194,0.22467641490059054,0.1022772443023996,646,991,345
EMP_RJ_00793,0.1862321102701403,0.2245721903286484,0.1850823267629409,647,624,23
EMP_RJ_01310,0.2000470929719157,0.2244844667610223,0.19290861603787635,648,608,40
EMP_RJ_01042,0.2315343408968196,0.22391411874644707,0.09646955888632092,649,1018,369
EMP_RJ_01071,0.2290263346996746,0.22389062563933448,0.18536317671489333,650,622,28
EMP_RJ_00143,0.1637604060182023,0.223272444413129,0.15487265103598502,651,697,46
EMP_RJ_00726,0.1522656885807807,0.2230065288863029,0.1652453874223313,652,673,21
EMP_RJ_00600,0.2827868440199129,0.22298850729455622,0.19374564557383345,653,607,46
EMP_RJ_01010,0.1676316876639614,0.22297076456021747,0.15097685484802648,654,707,53
EMP_RJ_00950,0.2345647890132234,0.2226868106739528,0.1328419970128908,655,791,136
EMP_RJ_00570,0.2056016631476914,0.22267018893527724,0.10546415198586956,656,977,321
EMP_RJ_00963,0.1885400442490398,0.22207024926276553,0.14995490788355748,657,711,54
EMP_RJ_01151,0.1919042274540466,0.22206468532120605,0.17493190338572173,658,653,5
EMP_RJ_00096,0.1961531769493717,0.22195994527813034,0.19515782911410673,659,603,56
EMP_RJ_00894,0.1680332856712094,0.22188641861439606,0.3320030791119336,660,330,330
EMP_RJ_00302,0.2208262977319268,0.22150922506446713,0.10500260517844828,661,978,317
EMP_RJ_00843,0.2677853513425525,0.22130145413189295,0.18928078393606795,662,616,46
EMP_RJ_01044,0.2715528432505548,0.22070888801487687,0.16930928804439704,663,666,3
EMP_RJ_01041,0.2512240435120167,0.22050419506227992,0.16631981873582413,664,671,7
EMP_RJ_01239,0.2307203420866489,0.22040623356162214,0.13112708326076739,665,800,135
EMP_RJ_00150,0.1812123453812195,0.22010246777891096,0.23790001166432584,666,520,146
EMP_RJ_00369,0.1776961498371846,0.21985434961595762,0.23234572101576267,667,534,133
EMP_RJ_00808,0.1663536559700635,0.2197487382416028,0.1535692756859921,668,699,31
EMP_RJ_00706,0.2316973233504321,0.21951397715786725,0.08384261866713538,669,1086,417
EMP_RJ_00099,0.2805664873952243,0.21868353402309304,0.19638482613989472,670,599,71
EMP_RJ_00161,0.1601211622203615,0.2186279341592584,0.21079323438945308,671,579,92
EMP_RJ_00261,0.1641918073562941,0.21857884680229867,0.15113327206912386,672,706,34
EMP_RJ_00372,0.1590683562409058,0.21844588848379765,0.14708383942474834,673,727,54
EMP_RJ_01145,0.1448462559801332,0.2184318737373785,0.25573978553403565,674,474,200
EMP_RJ_00578,0.2230535315022241,0.21689028724545545,0.18401882418993365,675,631,44
EMP_RJ_00681,0.2374444669458676,0.21667283446097796,0.09341263870010597,676,1037,361
EMP_RJ_00682,0.2374444669458676,0.21667283446097796,0.09341263870010597,676,1037,361
EMP_RJ_00783,0.1943637695894188,0.2166169369723363,0.18410300443633076,678,630,48
EMP_RJ_00090,0.1816151234568308,0.21472525049634816,0.18509646888951214,679,623,56
EMP_RJ_00148,0.1785029649727453,0.21472525049634816,0.1790363356210789,679,643,36
EMP_RJ_01197,0.215141009539495,0.21431847712683616,0.19127267117596358,681,612,69
EMP_RJ_00961,0.2325216261950952,0.21277858265789518,0.12850544723742297,682,815,133
EMP_RJ_01138,0.2096585467189199,0.2117070808537126,0.3089258228324694,683,372,311
EMP_RJ_00921,0.2185221513355774,0.21164058792350005,0.32262523245458763,684,347,337
EMP_RJ_01046,0.2412794839529684,0.2115001381321312,0.13763366581330094,685,769,84
EMP_RJ_00910,0.1433621325596966,0.2113580723343016,0.2492216682302506,686,492,194
EMP_RJ_00479,0.2012066262477798,0.21122121674860306,0.007555390965778175,687,1498,811
EMP_RJ_01127,0.1972965713780158,0.21103966705579713,0.1490179149916323,688,716,28
EMP_RJ_01175,0.2309104195537145,0.21073500042441706,0.1266244514852073,689,822,133
EMP_RJ_00865,0.1618868786144595,0.20971687531094763,0.32708735702427594,690,340,350
EMP_RJ_00362,0.1988041562910263,0.20958647567055777,0.07788931155462608,691,1122,431
EMP_RJ_01022,0.2313432727309597,0.20953820619753982,0.12464212581320855,692,835,143
EMP_RJ_01220,0.2354110013671936,0.20725261887648616,0.22038644137320396,693,560,133
EMP_RJ_00798,0.234639472085219,0.20707821644828783,0.16308650661146806,694,679,15
EMP_RJ_01111,0.1757103257608595,0.20701397609442496,0.13047279675224954,695,802,107
EMP_RJ_00778,0.2521625833861198,0.20688048589324293,0.14655918347416197,696,728,32
EMP_RJ_00287,0.2275300529036685,0.206810672768156,0.10374717134935185,697,983,286
EMP_RJ_00316,0.1762300049234064,0.2059375190940912,0.1750128066576725,698,652,46
EMP_RJ_00504,0.139911238849665,0.20593220775012422,0.17227810567693136,699,658,41
EMP_RJ_00079,0.1741408700226021,0.2057820906686375,0.23558394133840577,700,528,172
EMP_RJ_00544,0.2188265757244241,0.20531483646848203,0.08080623611185345,701,1108,407
EMP_RJ_00754,0.2113909836035437,0.20486686683121558,0.1923221706578716,702,610,92
EMP_RJ_00864,0.2443587486581169,0.20479982735986246,0.17674973801486082,703,648,55
EMP_RJ_00014,0.2167824186025571,0.20416389440653182,0.10663849687269611,704,965,261
EMP_RJ_01027,0.1976505395025731,0.20271888176879638,0.09220284008538515,705,1044,339
EMP_RJ_00320,0.174704224984468,0.20223826390701438,0.16263548204543754,706,681,25
EMP_RJ_00899,0.1618728749508037,0.20202308344672582,0.1367711265566045,707,774,67
EMP_RJ_00928,0.1627749034792616,0.20202308344672582,0.13700126544691893,707,773,66
EMP_RJ_00473,0.2150880219290121,0.20202197899566976,0.17598516517498186,709,650,59
EMP_RJ_00416,0.1900613281076587,0.20196207690501877,0.1395747471650871,710,762,52
EMP_RJ_00413,0.1739345237661854,0.20146963259945405,0.07359213400100795,711,1140,429
EMP_RJ_01166,0.1769100140400044,0.20133932685612055,0.14080108106781108,712,752,40
EMP_RJ_00359,0.220990497900169,0.20132299189530034,0.0921198677283338,713,1047,334
EMP_RJ_00447,0.2408066274089119,0.2003238636500262,0.24309941907744226,714,506,208
EMP_RJ_01336,0.2038590748926523,0.1999829817662856,0.183995622700437,715,632,83
EMP_RJ_00809,0.2018756625450862,0.1995772828567962,0.14996515331500326,716,710,6
EMP_RJ_01142,0.1519999998491135,0.19897541127317864,0.09702582913747115,717,1014,297
EMP_RJ_01515,0.2125808306627425,0.19845043144206498,0.11072623462821751,718,932,214
EMP_RJ_01298,0.1907405441388123,0.1981068988588648,0.16923763708064188,719,667,52
EMP_RJ_00024,0.1941627876410784,0.19810105457143867,0.3042418293968968,720,376,344
EMP_RJ_01242,0.1838749833556024,0.19715595654188822,0.1717536334887343,721,659,62
EMP_RJ_00435,0.2105014586895993,0.19692890093230986,0.08215636104653179,722,1095,373
EMP_RJ_00420,0.210247406992563,0.19671185440142624,0.07849875174549104,723,1118,395
EMP_RJ_00674,0.2016617366814385,0.19654924028709408,0.17812009225764036,724,645,79
EMP_RJ_01106,0.1936941893560513,0.19506766661941466,0.1391489601098529,725,764,39
EMP_RJ_00394,0.1493441125428407,0.19485558667834912,0.12925623125825336,726,811,85
EMP_RJ_00441,0.1675310601878999,0.19459597304266307,0.12486010056798935,727,832,105
EMP_RJ_00821,0.1725096573621332,0.1945818524469044,0.1133897228654196,728,912,184
EMP_RJ_00115,0.1663025310603452,0.1941704076910531,0.1304697082370423,729,803,74
EMP_RJ_00218,0.1646991638184189,0.19404518655232983,0.09098346726765727,730,1055,325
EMP_RJ_00650,0.1945419861222193,0.19349112291905368,0.1417779088314831,731,750,19
EMP_RJ_00245,0.1724998240508254,0.19348215924769174,0.15594090311383335,732,696,36
EMP_RJ_01223,0.1991010471314727,0.19227031477330392,0.14922849006867578,733,715,18
EMP_RJ_01049,0.1888896345730565,0.1915260800997346,0.1373013444123209,734,771,37
EMP_RJ_01011,0.1884314426008269,0.1915260800997346,0.13550764849922303,734,779,45
EMP_RJ_00069,0.1787373214650319,0.19098900089485704,0.055973122620637805,736,1230,494
EMP_RJ_00031,0.1931918817735018,0.19069804373818566,0.13831654007541838,737,766,29
EMP_RJ_00853,0.2358062888098888,0.19047290517768567,0.14727172056337734,738,726,12
EMP_RJ_01055,0.1613817399604326,0.1901360930104674,0.046928667523034484,739,1292,553
EMP_RJ_00699,0.1560249629493969,0.18995849485037064,0.14636406937962243,740,730,10
EMP_RJ_00769,0.1480748881112463,0.189456913554374,0.13354588764817477,741,785,44
EMP_RJ_01255,0.165740916200709,0.18750107137588323,0.13113213604589935,742,798,56
EMP_RJ_01252,0.165740916200709,0.18750107137588323,0.13113213604589935,742,798,56
EMP_RJ_00531,0.1540910538471508,0.18747432247316642,0.13205022558876311,744,793,49
EMP_RJ_00399,0.1441239094563267,0.18746707084203396,0.1132084703842603,745,916,171
EMP_RJ_00154,0.1493719879850457,0.18663743353890028,0.11289336507210235,746,917,171
EMP_RJ_00779,0.1432166882234445,0.1863065882574837,0.13625020098338125,747,776,29
EMP_RJ_01321,0.1681313442638372,0.18630328282139963,0.1421635818533019,748,749,1
EMP_RJ_01204,0.165740916200709,0.1861727893248738,0.12793858217173792,749,818,69
EMP_RJ_00305,0.1565362141599244,0.1856277621106479,0.12144149830546003,750,865,115
EMP_RJ_00289,0.1565362141599244,0.1856277621106479,0.12144149830546003,750,865,115
EMP_RJ_01025,0.187721734426716,0.18471500379674666,0.14774594712520628,752,722,30
EMP_RJ_00078,0.1677702565482018,0.18455784540321896,0.16089438551704116,753,686,67
EMP_RJ_01083,0.1643960181415652,0.18340243473875661,0.12403232034664868,755,845,90
EMP_RJ_01095,0.164767361312435,0.18340243473875661,0.12438524400265893,755,838,83
EMP_RJ_01104,0.164767361312435,0.18340243473875661,0.1265786523673491,755,823,68
EMP_RJ_01061,0.1643960181415652,0.18340243473875661,0.12403232034664868,755,845,90
EMP_RJ_01107,0.1624018631804925,0.18286286834217091,0.12006467898829765,758,871,113
EMP_RJ_00012,0.2025997185833039,0.18218821061092594,0.14775892352152709,759,721,38
EMP_RJ_01195,0.1644182105386041,0.18208000917160916,0.12787972316342255,760,819,59
EMP_RJ_00960,0.1420405204004505,0.1818492701360287,0.12140529902259845,761,867,106
EMP_RJ_00355,0.1765205134913484,0.18152416899551183,0.2711240345450294,762,441,321
EMP_RJ_00260,0.1928149308237579,0.18075844947569486,0.13148656755351984,763,797,34
EMP_RJ_00514,0.1347204880461439,0.18047295869794222,0.11778374734488661,764,890,126
EMP_RJ_00109,0.1503826728914321,0.17976770811290022,0.12878052021230613,765,814,49
EMP_RJ_01008,0.1835747548061848,0.17965283579113644,0.11325782264856477,766,914,148
EMP_RJ_00132,0.1456157747601664,0.17923531189245456,0.11626589244385033,767,894,127
EMP_RJ_01131,0.1397800443234638,0.178757237957611,0.09465071012752846,768,1032,264
EMP_RJ_01122,0.1445923871657496,0.17858800076428882,0.1023691878673163,769,990,221
EMP_RJ_01118,0.1416488119860287,0.1785057828950769,0.09577609917959307,770,1027,257
EMP_RJ_00480,0.1914279728223954,0.17841346264931401,0.14465489681321864,771,737,34
EMP_RJ_01058,0.1551764626083728,0.17826479272611817,0.10640371097664769,773,969,196
EMP_RJ_01114,0.1555446863390774,0.17826479272611817,0.10640371097664769,773,969,196
EMP_RJ_01116,0.1590420929302525,0.17826479272611817,0.10976717590039298,773,939,166
EMP_RJ_00486,0.17290503599361,0.17811186231984477,0.10954617950668633,775,943,168
EMP_RJ_00502,0.1709802389104123,0.17811186231984477,0.10718363965361477,775,958,183
EMP_RJ_01216,0.2027042734866612,0.17796467835055918,0.16023899809236797,777,687,90
EMP_RJ_01171,0.1644661879512584,0.17783058439804333,0.12387673275485334,778,848,70
EMP_RJ_01232,0.1601223406424761,0.1778086884213036,0.23307932962255484,779,533,246
EMP_RJ_00498,0.1669015746062809,0.1772374231396685,0.10718363965361477,780,958,178
EMP_RJ_01121,0.1405549918764975,0.17695737210089302,0.09621767125574254,781,1021,240
EMP_RJ_00914,0.1985484739011285,0.1767255798646158,0.1439823210266441,782,742,40
EMP_RJ_01161,0.1637788758088915,0.17663323903672745,0.12369003807816337,783,851,68
EMP_RJ_01159,0.1637788758088915,0.17663323903672745,0.12369003807816337,783,851,68
EMP_RJ_00612,0.1893314001896654,0.17646295001042767,0.14330445743126685,785,745,40
EMP_RJ_00556,0.1666357005821021,0.1764457042716855,0.10683653419847017,786,961,175
EMP_RJ_00587,0.1499267690796609,0.17640701917175472,0.040167078352361885,787,1346,559
EMP_RJ_00087,0.1551444251892563,0.17629049665120133,0.10083679663922418,788,998,210
EMP_RJ_01079,0.1378115760150885,0.17615518222236315,0.09076092736168562,789,1056,267
EMP_RJ_00739,0.1394612811145255,0.17609870109111725,0.11997753089172092,790,872,82
EMP_RJ_00574,0.1390763698200733,0.17593233485242754,0.12923598639488343,791,812,21
EMP_RJ_00140,0.1323047744585584,0.17592113138561494,0.07419201475484849,792,1134,342
EMP_RJ_00856,0.2228360783042285,0.17580696286793007,0.25582780380698855,793,473,320
EMP_RJ_00632,0.1855254804521278,0.1757570373382651,0.13081301521245814,794,801,7
EMP_RJ_00470,0.1350170705691218,0.1755105740165589,0.12459927055962927,795,836,41
EMP_RJ_01115,0.1624043088232891,0.17550512929901863,0.12262498111677456,796,855,59
EMP_RJ_01105,0.1624043088232891,0.17550512929901863,0.12262498111677456,796,855,59
EMP_RJ_00070,0.1570166801232813,0.1753621170810311,0.09391519915224744,798,1035,237
EMP_RJ_01141,0.1405549918764975,0.17494556536395245,0.0921638737649434,799,1046,247
EMP_RJ_00223,0.2255052885078317,0.17485576225887323,0.10278473392635701,800,988,188
EMP_RJ_00998,0.1604049966553929,0.17477320022263743,0.11811393270755055,801,884,83
EMP_RJ_00824,0.159367106244172,0.17448276107648664,0.21879318458309838,802,563,239
EMP_RJ_00990,0.1646975693567163,0.17432920142698027,0.09242103295793525,803,1043,240
EMP_RJ_00540,0.1615521507962143,0.17414057347642553,0.10618444408009842,804,971,167
EMP_RJ_00543,0.1625429571249262,0.1740780846211052,0.10618444408009842,805,971,166
EMP_RJ_00896,0.1629173462449089,0.17361305739986244,0.1199536781533459,806,873,67
EMP_RJ_00951,0.1604049966553929,0.1732755862797749,0.11811393270755055,808,884,76
EMP_RJ_00942,0.1610901947292844,0.1732755862797749,0.11811393270755055,808,884,76
EMP_RJ_00962,0.1604049966553929,0.1732755862797749,0.11811393270755055,808,884,76
EMP_RJ_00977,0.1604049966553929,0.1732755862797749,0.11811393270755055,808,884,76
EMP_RJ_01199,0.1356958771967835,0.17319514788460033,0.04396105314725762,811,1320,509
EMP_RJ_00425,0.1379205430145892,0.1728560270769024,0.07930094048614822,812,1113,301
EMP_RJ_01273,0.1361373348291134,0.1725783754725061,0.09177132038683733,813,1051,238
EMP_RJ_00829,0.1629173462449089,0.17251114789162902,0.11926623817838478,814,878,64
EMP_RJ_00577,0.1620955243234358,0.17220414063737444,0.10730703610453918,815,955,140
EMP_RJ_00757,0.1616137674136636,0.17183665722709351,0.11789410836167635,816,888,72
EMP_RJ_00603,0.1361748980323283,0.1718349509074234,0.12071285436373058,817,870,53
EMP_RJ_00642,0.1611192352161041,0.1717772801579872,0.10656809944269563,818,966,148
EMP_RJ_00288,0.1404053980855035,0.17172273426997453,0.11935714017104782,819,877,58
EMP_RJ_00042,0.0973451523884723,0.1716411192533619,0.26342414909461154,820,454,366
EMP_RJ_01218,0.1350972468950741,0.17104999061109027,0.14384353239052172,821,743,78
EMP_RJ_00965,0.2032876733270552,0.1707798489535286,0.23763783588342013,822,521,301
EMP_RJ_00331,0.1353846040544143,0.17075085725169437,0.07006475794862432,823,1155,332
EMP_RJ_00226,0.1365623262533429,0.17066748709292834,0.21355257227471947,824,575,249
EMP_RJ_00276,0.149737465146367,0.17047221708616533,0.1352008534844048,825,781,44
EMP_RJ_01123,0.1351821728158372,0.16930783056867416,0.09177132038683733,826,1051,225
EMP_RJ_00459,0.1357573078655931,0.1692994505960348,0.11868803087899193,827,880,53
EMP_RJ_01040,0.2295677287854272,0.16905197237119163,0.11324540485639545,828,915,87
EMP_RJ_00195,0.1638625199708493,0.1690128668504256,0.10649796231410691,829,968,139
EMP_RJ_00703,0.1640699888164629,0.1687878470234878,0.11494992073998189,830,905,75
EMP_RJ_00740,0.1618523894296734,0.16877520063828477,0.1158061198559055,831,901,70
EMP_RJ_00059,0.12601208940132,0.1686621511956694,0.009782329999266759,832,1485,653
EMP_RJ_00717,0.1630971467208021,0.16860390777409828,0.1158061198559055,833,901,68
EMP_RJ_00157,0.1573431757731204,0.16859809751662325,0.11466396333851125,834,907,73
EMP_RJ_01069,0.1351821728158372,0.16852147493995684,0.09177132038683733,835,1051,216
EMP_RJ_00139,0.1392949296896571,0.16837930694839287,0.10381300815317218,836,982,146
EMP_RJ_00240,0.0950192498147765,0.1680962923289827,0.17076481093498608,837,661,176
EMP_RJ_00687,0.163411353123474,0.16794638211093516,0.1108826215054044,838,927,89
EMP_RJ_00694,0.163411353123474,0.16794638211093516,0.1108826215054044,838,927,89
EMP_RJ_01229,0.1600322329457423,0.16789492683392593,0.1699512150047121,840,664,176
EMP_RJ_00716,0.1630971467208021,0.1675388701148922,0.11427175050232852,841,908,67
EMP_RJ_00306,0.1707616032697481,0.1674785190921101,0.10790403195171694,842,954,112
EMP_RJ_00598,0.134489003026315,0.16735055354899953,0.12187434679121467,843,863,20
EMP_RJ_01006,0.1683444573709122,0.16719667573546115,0.11960485006061172,844,876,32
EMP_RJ_00791,0.1532485725754204,0.16703776633326028,0.12674247064349897,845,821,24
EMP_RJ_01198,0.1607656187768992,0.1662476843241113,0.06773149919667176,846,1164,318
EMP_RJ_00468,0.1572301872041323,0.16619243074559087,0.11121395045490257,847,926,79
EMP_RJ_00959,0.1218742818551215,0.16595610603688904,0.08370694091843134,848,1089,241
EMP_RJ_00341,0.125011301823521,0.16589557383831754,0.010926968069193577,849,1480,631
EMP_RJ_00541,0.2146335776070385,0.1656677060753402,0.10810923932537397,850,950,100
EMP_RJ_00384,0.1359137705593039,0.16565469312765957,0.08934419793021153,851,1061,210
EMP_RJ_00922,0.1613232799374553,0.16552948722410343,0.11215800405598464,852,923,71
EMP_RJ_00064,0.1452696078358034,0.1653030049075852,0.07064719215933091,853,1152,299
EMP_RJ_00133,0.1818135900219402,0.16434565857430028,0.09871931306842652,854,1008,154
EMP_RJ_01172,0.1698583523760105,0.1636958792271861,0.10699315723480163,855,960,105
EMP_RJ_00834,0.1504423571528725,0.16302865861340154,0.27692729723754217,856,426,430
EMP_RJ_00206,0.1701643165130534,0.16209287854818777,0.21005359386317202,857,581,276
EMP_RJ_00119,0.0984746548634097,0.1611894460196035,0.2561314014206606,858,469,389
EMP_RJ_01180,0.1240049461262038,0.16053664587960925,0.03435823986521669,859,1390,531
EMP_RJ_00640,0.1240388647625498,0.15999765340085415,0.09317506804857889,860,1040,180
EMP_RJ_01048,0.1244668564208016,0.15985392786816144,0.08045217685530925,861,1110,249
EMP_RJ_00258,0.14033257726843,0.15957941821194777,0.0925848072524198,862,1041,179
EMP_RJ_00861,0.2175741364364248,0.1595489000392828,0.12422019176751131,863,839,24
EMP_RJ_00120,0.0908290253671298,0.15931887592692662,0.1489132735513904,864,718,146
EMP_RJ_00840,0.144842909369987,0.15894915713311109,0.10280433070615125,865,987,122
EMP_RJ_01140,0.1249036199735591,0.15886326686756658,0.08064347747815948,866,1109,243
EMP_RJ_00970,0.172808093770494,0.15860936370852263,0.11371726548920347,867,911,44
EMP_RJ_01087,0.18692639404804,0.15822893806538407,0.25523496481889296,868,476,392
EMP_RJ_00947,0.1582952837362282,0.15811524214062256,0.11209885365769101,869,924,55
EMP_RJ_00567,0.1466198544909598,0.15785598692330216,0.05664405536615358,870,1215,345
EMP_RJ_00257,0.1407154048641772,0.15783050364061657,0.2356556937187948,871,527,344
EMP_RJ_01036,0.1244668564208016,0.15745167528602422,0.0810176303131186,872,1107,235
EMP_RJ_01224,0.118840852871675,0.15725759513441284,0.16266228950217687,873,680,193
EMP_RJ_00792,0.1397224717247216,0.15684114577479957,0.05648547750925803,874,1218,344
EMP_RJ_00784,0.1397224717247216,0.15684114577479957,0.05648547750925803,874,1218,344
EMP_RJ_01078,0.1461169000609203,0.15670500002359466,0.1157222750534842,876,903,27
EMP_RJ_00426,0.1392974545652018,0.1565823784765863,0.04531414132047096,877,1309,432
EMP_RJ_00926,0.1356329355364535,0.15599316910599914,0.0881277447321539,878,1063,185
EMP_RJ_00884,0.1247282534876766,0.1559715870840015,0.08521607727485692,879,1083,204
EMP_RJ_00404,0.1570698269723877,0.15589597750886175,0.09654961759051695,880,1017,137
EMP_RJ_00126,0.1606380836259393,0.1558788937543335,0.19876677547273747,881,594,287
EMP_RJ_00617,0.1283365618978933,0.15498443525813566,0.08135115544374738,882,1102,220
EMP_RJ_00405,0.1228588095171554,0.1549771638888119,0.08636881485972081,883,1073,190
EMP_RJ_00393,0.0915006518754995,0.15473419570384495,0.14321142553016908,884,746,138
EMP_RJ_00614,0.1105924797739836,0.15455012788519928,0.0059187733331207415,885,1504,619
EMP_RJ_00911,0.1360122461050438,0.15328814358178788,0.07069111747272272,886,1151,265
EMP_RJ_00906,0.1677786486465184,0.1531158521880298,0.18930925221429984,887,615,272
EMP_RJ_00720,0.1476174915870852,0.1530354091320233,0.061190186318464845,888,1196,308
EMP_RJ_00230,0.0858432783345475,0.15180771206679966,0.2142386638098892,889,572,317
EMP_RJ_00833,0.1492350340396178,0.151144653649268,0.0949076572931572,890,1031,141
EMP_RJ_00956,0.1453604619718426,0.15114096355999906,0.10899048024706803,891,948,57
EMP_RJ_00093,0.0778635410889492,0.15063696010382188,0.22745506761753254,892,547,345
EMP_RJ_00296,0.1356175107593595,0.15041610597756416,0.07841196582411636,893,1119,226
EMP_RJ_00918,0.1453604619718426,0.14972668602252281,0.10933831449068754,894,946,52
EMP_RJ_00524,0.1094991639946643,0.14956193312430777,0.07630362460576989,895,1129,234
EMP_RJ_01117,0.1734948836536745,0.14933437365501767,0.19732901671898195,896,598,298
EMP_RJ_00765,0.1471994473419259,0.14878023860627054,0.10106314704716945,898,996,98
EMP_RJ_00810,0.1468340462710019,0.14878023860627054,0.1020263674147216,898,992,94
EMP_RJ_00766,0.1471994473419259,0.14878023860627054,0.10106314704716945,898,996,98
EMP_RJ_00872,0.1299331350772814,0.14861383416651253,0.10120093411885522,900,995,95
EMP_RJ_00738,0.1471994473419259,0.1485460009041243,0.09888237874689054,901,1007,106
EMP_RJ_00643,0.1407789637691356,0.14854016715614526,0.099247980699258,902,1005,103
EMP_RJ_00923,0.1689019188784352,0.1483647127032568,0.18410865549058364,903,629,274
EMP_RJ_01173,0.1308059100307637,0.14835650598141203,0.10664787426613098,904,964,60
EMP_RJ_00436,0.1462891751479882,0.14826205331787545,0.10371735841416196,905,984,79
EMP_RJ_00702,0.1439280681161933,0.14814003558522004,0.1072859291607191,906,956,50
EMP_RJ_00599,0.1443435328845026,0.14808638423271525,0.09115732068300375,907,1054,147
EMP_RJ_01182,0.2117385901823532,0.1476762971516139,0.10011481444194514,908,1002,94
EMP_RJ_00200,0.1391866793471234,0.1476585933779091,0.18920189009671318,909,617,292
EMP_RJ_00848,0.2037086948015433,0.14754341195073295,0.11608504793738328,910,896,14
EMP_RJ_01096,0.1511111248684398,0.14718270694818758,0.2348689136024602,911,530,381
EMP_RJ_00919,0.1171263497144408,0.1470456965830762,0.06528479288125888,912,1177,265
EMP_RJ_00946,0.1101248079615752,0.14652261088777874,0.2698982312248127,913,444,469
EMP_RJ_00592,0.1050813800533371,0.1464695136444364,0.1378660172853018,914,767,147
EMP_RJ_00065,0.1038646098668361,0.1463628226677841,0.2614852539239163,915,459,456
EMP_RJ_00589,0.126726861295309,0.14610112147715604,0.07172972579816972,916,1145,229
EMP_RJ_00111,0.151845533568394,0.14586663025795543,0.19267714981179662,917,609,308
EMP_RJ_00968,0.1829951170589203,0.14579259942450462,0.20680434490652144,918,584,334
EMP_RJ_00018,0.1482562066561199,0.1457843686850887,0.10474080692257981,919,980,61
EMP_RJ_01065,0.1341632990003844,0.1457636846977559,0.09363776379921929,920,1036,116
EMP_RJ_00743,0.1138655741282723,0.1453022001236951,0.06376672405457351,921,1182,261
EMP_RJ_00094,0.1541510806406172,0.14485986551722796,0.0793212072284214,922,1112,190
EMP_RJ_00976,0.1030719479841968,0.14404828992576169,0.2622200883649213,923,457,466
EMP_RJ_01045,0.1761380497537812,0.14347744683856956,0.21197270756747089,924,577,347
EMP_RJ_01203,0.1191333759038278,0.14325882055859374,0.200539073546821,925,591,334
EMP_RJ_00228,0.102406948653027,0.1428654538755435,0.14596625763620552,926,733,193
EMP_RJ_00878,0.1529827674315965,0.14260066529674742,0.10331985983187997,927,985,58
EMP_RJ_01510,0.1264255673319739,0.1424877356809765,0.07206092669525621,928,1144,216
EMP_RJ_01227,0.1150469310934253,0.14232471727530516,0.07731004697384758,929,1125,196
EMP_RJ_00645,0.1166979160749759,0.14191543813256824,0.07670395134634633,930,1127,197
EMP_RJ_01189,0.1297450001099417,0.1414445812038856,0.1905671887480216,931,613,318
EMP_RJ_00796,0.2044279423841408,0.1414125223025312,0.11076378812828125,932,929,3
EMP_RJ_00424,0.1353024196705086,0.14126797510532807,0.08371654415533325,933,1088,155
EMP_RJ_01179,0.1308424187362117,0.14124104283904304,0.0921819579892601,934,1045,111
EMP_RJ_00986,0.1562055988150155,0.14096068121350058,0.08312969688943772,935,1090,155
EMP_RJ_00832,0.1992918631493896,0.14068113541358473,0.0853569463070889,936,1082,146
EMP_RJ_00939,0.1337274555762603,0.14065005141251274,0.08563983513879625,937,1078,141
EMP_RJ_00944,0.1337274555762603,0.14065005141251274,0.08563983513879625,937,1078,141
EMP_RJ_00913,0.1337274555762603,0.1401410993931238,0.085979768682651,939,1075,136
EMP_RJ_00101,0.1092455384349523,0.14004873539114104,0.06855893728780849,940,1159,219
EMP_RJ_00547,0.1058439422909132,0.14004292647778327,0.06464555222756085,941,1179,238
EMP_RJ_01149,0.1308889284210035,0.1399089646322318,0.08994128989235617,942,1059,117
EMP_RJ_00606,0.1294816407716076,0.13988972738905503,0.08121855152417146,943,1105,162
EMP_RJ_00491,0.1120951718490104,0.13988966917781653,0.07390845522672285,944,1137,193
EMP_RJ_00628,0.1326928820185328,0.13958490598862106,0.05618476172397657,945,1225,280
EMP_RJ_01254,0.1037979776051876,0.13929774123192773,0.1702008035244783,946,662,284
EMP_RJ_00823,0.1326501206868879,0.13928160241851573,0.08712227308484366,947,1070,123
EMP_RJ_00886,0.1338482054004088,0.13885641433975426,0.1791559719365251,948,642,306
EMP_RJ_00166,0.1073908770528049,0.1388228269348183,0.06882876740108768,949,1158,209
EMP_RJ_00855,0.1714009298702467,0.1387272387362377,0.19482632537463473,950,605,345
EMP_RJ_00987,0.197467653688126,0.13858952642566558,0.11035649614976317,951,936,15
EMP_RJ_00800,0.202522477252843,0.13854158240415537,0.10923503092166864,952,947,5
EMP_RJ_00075,0.1187370473312054,0.13811634465500944,0.18432641004318617,953,628,325
EMP_RJ_00844,0.1278402510742696,0.13787553891691118,0.050512348939127816,954,1265,311
EMP_RJ_00788,0.135435390178915,0.13776093027317715,0.08539320252102134,955,1081,126
EMP_RJ_00205,0.1112337952461445,0.1373367211498241,0.054677236810783736,956,1241,285
EMP_RJ_00762,0.1351275752370476,0.13718740531432372,0.08505346737492547,957,1085,128
EMP_RJ_00836,0.1566108603135406,0.13711784215799427,0.175377843898204,958,651,307
EMP_RJ_01033,0.1679143089377777,0.13698443216552225,0.20505501336123588,959,588,371
EMP_RJ_00983,0.1352577381137356,0.1368922513515063,0.1838621330959258,960,635,325
EMP_RJ_00263,0.1178948046243523,0.1368903469957723,0.06761948296631093,961,1165,204
EMP_RJ_01062,0.1266025644247231,0.1368239792115813,0.09577651263651576,962,1026,64
EMP_RJ_00437,0.1116547939561021,0.1366599163107447,0.07375738252610542,963,1139,176
EMP_RJ_00858,0.1539644606966991,0.13656667840540881,0.08120035509186041,964,1106,142
EMP_RJ_00001,0.1225710643825627,0.1360871061587896,0.06373675316476268,965,1183,218
EMP_RJ_00580,0.0648088641727584,0.1360256657996396,0.19495026036135954,966,604,362
EMP_RJ_00850,0.1130599338499528,0.1353784418803703,0.06632963355480692,967,1171,204
EMP_RJ_00081,0.1246217638753632,0.13522885357676673,0.0688675093429163,968,1157,189
EMP_RJ_00388,0.1029629784431607,0.13493420905279652,0.062857748631297,969,1188,219
EMP_RJ_01146,0.1316977848266037,0.13492274061022813,0.2007580938053759,970,590,380
EMP_RJ_00539,0.1092476049611264,0.1347792793697702,0.046526193343517264,971,1297,326
EMP_RJ_00903,0.1705162276849118,0.13473241082699827,0.07625994931939462,972,1130,158
EMP_RJ_00350,0.1453274759917501,0.13466933716971918,0.16533642184033415,973,672,301
EMP_RJ_01201,0.111563213647866,0.1345977587568309,0.1356239467999686,974,778,196
EMP_RJ_00121,0.1054176511766832,0.13429673195342462,0.15860951244609545,975,691,284
EMP_RJ_00775,0.1390106324689725,0.1342491840457688,0.07757595467272183,976,1124,148
EMP_RJ_00993,0.1114228681143639,0.1339846141331832,0.06632963355480692,977,1171,194
EMP_RJ_01262,0.1079490016522745,0.13395922978266173,0.14620452542419915,978,731,247
EMP_RJ_00442,0.1833667149524943,0.1337665433706181,0.07724454545198478,979,1126,147
EMP_RJ_00103,0.1246936229415256,0.13371951522087355,0.13701541263787953,980,772,208
EMP_RJ_00994,0.1493043562438679,0.13363312395962035,0.14217991681629016,981,748,233
EMP_RJ_00493,0.1065933427469935,0.133472119599801,0.04448216475299538,982,1317,335
EMP_RJ_00336,0.1248839429861824,0.13326453728467935,0.051339611348184766,983,1259,276
EMP_RJ_00338,0.1248839429861824,0.13326453728467935,0.051339611348184766,983,1259,276
EMP_RJ_00463,0.1353752396046281,0.13326135746867473,0.09500896251801072,985,1030,45
EMP_RJ_00822,0.1481976625871157,0.1331642581642546,0.1592002351760795,986,689,297
EMP_RJ_01178,0.0703497288522626,0.13312298023658786,0.23193504522946617,987,536,451
EMP_RJ_00373,0.1959558133153751,0.13305109937355064,0.09525153277744591,988,1029,41
EMP_RJ_00609,0.1033522839035503,0.1326491328979036,0.059692948633568,989,1202,213
EMP_RJ_00732,0.1217399472455502,0.1325292910006164,0.046869210212180934,990,1293,303
EMP_RJ_00920,0.1326494321607023,0.13244385214929832,0.08611788158480582,991,1074,83
EMP_RJ_00467,0.0635206121552375,0.13238640612540775,0.19457346908050843,992,606,386
EMP_RJ_01210,0.1534400035442503,0.132024835454718,0.04874478988646913,993,1282,289
EMP_RJ_00184,0.1578794196419899,0.13193399652945415,0.0603670184477455,994,1198,204
EMP_RJ_00756,0.131916075734472,0.13177771810252714,0.1839504877855883,995,633,362
EMP_RJ_00744,0.1303323013673191,0.1317395563880589,0.08122428477868271,996,1103,107
EMP_RJ_00745,0.1303323013673191,0.1317395563880589,0.08122428477868271,996,1103,107
EMP_RJ_00859,0.1444700973489909,0.13173318947128632,0.1696298277282814,998,665,333
EMP_RJ_00454,0.107240910768564,0.13168769781242373,0.043983947899860154,1000,1319,319
EMP_RJ_00445,0.107240910768564,0.13168769781242373,0.04454585435517733,1000,1313,313
EMP_RJ_00448,0.107240910768564,0.13168769781242373,0.04454585435517733,1000,1313,313
EMP_RJ_00489,0.1134231317311422,0.13161306784323723,0.04837464383355683,1002,1285,283
EMP_RJ_00091,0.1141576225029501,0.13109306486095174,0.05483473662430849,1003,1238,235
EMP_RJ_00967,0.1626740998476423,0.13033209165093085,0.16167087740862007,1004,683,321
EMP_RJ_00402,0.1070171958411467,0.1301573963788042,0.039004249518818424,1005,1359,354
EMP_RJ_00715,0.1208255790960489,0.13014490909297882,0.057110355918944644,1006,1214,208
EMP_RJ_00495,0.1304932120866637,0.12974245306036525,0.08138630213187625,1007,1100,93
EMP_RJ_00621,0.1273048271691261,0.12936854007745657,0.0819470071052727,1008,1098,90
EMP_RJ_00247,0.1192904933610664,0.12935103939945003,0.12572265756360912,1009,827,182
EMP_RJ_00725,0.1253922855433794,0.1293384743800695,0.16672879089085801,1010,670,340
EMP_RJ_01012,0.1058483346364044,0.12932310879242492,0.22937638340114574,1011,543,468
EMP_RJ_01174,0.1000820737735006,0.12932096218329714,0.0559604865634703,1012,1231,219
EMP_RJ_00768,0.0971553339308158,0.1292687611829385,0.05929071599511171,1013,1205,192
EMP_RJ_01186,0.1138707993169685,0.12905077455027614,0.14453001503584373,1014,738,276
EMP_RJ_00996,0.1072839709073459,0.1289644367464695,0.13296664403178626,1015,789,226
EMP_RJ_00995,0.1072839709073459,0.1289644367464695,0.13296664403178626,1015,789,226
EMP_RJ_00356,0.1022426620543185,0.12891144755865291,0.05988398201206813,1017,1201,184
EMP_RJ_00685,0.1305292386599678,0.1285550498724064,0.08135738575140072,1018,1101,83
EMP_RJ_00023,0.1178009081879927,0.12848356465447108,0.056211897925797616,1019,1223,204
EMP_RJ_00611,0.1201043070709626,0.12840157233623894,0.05766561437837747,1020,1211,191
EMP_RJ_01003,0.1359746987085108,0.12830897489043835,0.07902757284598216,1021,1115,94
EMP_RJ_00680,0.1039188436167687,0.12817647593621206,0.1477152339314528,1022,723,299
EMP_RJ_00310,0.1013823084598507,0.1279416717770394,0.06152870655174847,1023,1193,170
EMP_RJ_00712,0.1028715484548776,0.1275485685204878,0.05811584129558367,1024,1210,186
EMP_RJ_00748,0.1248694929306348,0.12696706719077921,0.08715876706014769,1025,1069,44
EMP_RJ_00705,0.155917284737915,0.12677156968029812,0.04528095488925754,1026,1310,284
EMP_RJ_00692,0.1136605964435898,0.12592170089084742,0.04646115685836516,1027,1298,271
EMP_RJ_00888,0.1002262348352257,0.12530019180762242,0.05609473226743278,1028,1229,201
EMP_RJ_01088,0.119121356952797,0.12496608098305995,0.1742721119934021,1029,656,373
EMP_RJ_01082,0.119121356952797,0.12496608098305995,0.17353264269641988,1029,657,372
EMP_RJ_00481,0.1644960169004418,0.12443012467894987,0.07807871426120994,1031,1121,90
EMP_RJ_00876,0.1460286016790235,0.12440134112314138,0.150975568144051,1032,708,324
EMP_RJ_00374,0.1744125714930314,0.12413921059340283,0.04820522672973693,1033,1286,253
EMP_RJ_00385,0.1578472395975005,0.12347466136650276,0.043458308146111735,1034,1326,292
EMP_RJ_00380,0.1043801185816799,0.1234679697565424,0.14860057345369437,1035,719,316
EMP_RJ_00395,0.1468955239954239,0.12335018311935464,0.17923896905574155,1036,641,395
EMP_RJ_00916,0.1483991106380671,0.1233375655054092,0.1498901829650242,1037,712,325
EMP_RJ_01125,0.1061113177832748,0.12307530396529753,0.14252305215429317,1038,747,291
EMP_RJ_01243,0.0975749298560111,0.12285085718209532,0.055329053594499356,1039,1234,195
EMP_RJ_00535,0.1187017252312062,0.12262371037349129,0.05369212348241681,1040,1245,205
EMP_RJ_00521,0.1590451911501433,0.12259635653657197,0.05023613693116935,1041,1268,227
EMP_RJ_00530,0.0898734071626489,0.12244425713738205,0.038964785770456256,1042,1361,319
EMP_RJ_00933,0.0973038834790649,0.12192319026698151,0.21566930781937377,1043,570,473
EMP_RJ_01248,0.0975749298560111,0.12053523643251807,0.05238422093531803,1044,1253,209
EMP_RJ_01237,0.1050551086797003,0.12052647532427174,0.06581727144601146,1045,1175,130
EMP_RJ_00020,0.0903637152957839,0.12043691872940576,0.04357493937891288,1046,1324,278
EMP_RJ_00583,0.0848956595934304,0.12034524751483189,0.17930689050295134,1047,640,407
EMP_RJ_00117,0.1026669985058479,0.1203205352269564,0.05629649882853627,1048,1220,172
EMP_RJ_00901,0.0408368729969348,0.12025756454238734,0.17973854128945732,1049,639,410
EMP_RJ_00731,0.1106451676317821,0.1196734538279417,0.12405255290010686,1050,842,208
EMP_RJ_01126,0.1061113117927428,0.11946441250324602,0.13997031467906262,1051,757,294
EMP_RJ_00811,0.1223639224681677,0.1193321409439263,0.051237597095652454,1052,1261,209
EMP_RJ_00314,0.0960551721976273,0.11931203335163698,0.05621943636280313,1053,1222,169
EMP_RJ_00029,0.1486775526118039,0.11926646552951425,0.05825791547673154,1054,1209,155
EMP_RJ_01183,0.1192299089481727,0.1190532229921415,0.07016688826372575,1055,1154,99
EMP_RJ_00250,0.1058664747351528,0.11901542019873335,0.053649061939661236,1056,1246,190
EMP_RJ_00697,0.1091236083482768,0.11882101929847533,0.12378847737633303,1057,850,207
EMP_RJ_00340,0.0970763679217407,0.1187060616851835,0.05021958949813499,1058,1270,212
EMP_RJ_00742,0.0883581512995923,0.11866281114090693,0.04750032501426804,1059,1288,229
EMP_RJ_00095,0.1026669985058479,0.11847017736467813,0.05656414162172063,1060,1217,157
EMP_RJ_00104,0.1026669985058479,0.11847017736467813,0.05629649882853627,1060,1220,160
EMP_RJ_00735,0.0455344777604819,0.11837351928584972,0.17600432795362375,1062,649,413
EMP_RJ_00063,0.103207884752559,0.11829170409275258,0.05926786947797136,1063,1206,143
EMP_RJ_00326,0.0984229738823958,0.11827857937575958,0.048533358022133766,1064,1284,220
EMP_RJ_00339,0.1152822993359703,0.11818084915166793,0.12111041424586333,1065,868,197
EMP_RJ_00842,0.1432871718616404,0.11817099581566326,0.12577032976276947,1066,826,240
EMP_RJ_00321,0.1565378215807541,0.1179225239163918,0.06654325776367753,1067,1168,101
EMP_RJ_00256,0.1058664747351528,0.11788106913760732,0.053649061939661236,1068,1246,178
EMP_RJ_00142,0.1467712582907347,0.11773851074632447,0.17460775949890628,1069,655,414
EMP_RJ_00559,0.1142126062217818,0.11772849015747244,0.12741913686716222,1070,820,250
EMP_RJ_00538,0.1138583624861658,0.11759716988439817,0.1283777526609451,1071,816,255
EMP_RJ_00557,0.1138583624861658,0.11759716988439817,0.1283777526609451,1071,816,255
EMP_RJ_01236,0.0943092397344781,0.11737116314489926,0.05015114626842221,1073,1271,198
EMP_RJ_00137,0.1649684049962959,0.11721494575020663,0.07775592548184262,1074,1123,49
EMP_RJ_00382,0.1169380427462872,0.11686325076824167,0.12414667482438224,1075,840,235
EMP_RJ_01128,0.1007628069535347,0.11684902732317115,0.13303823264772885,1076,788,288
EMP_RJ_00006,0.1556288277255622,0.11667854405815858,0.06757643694450943,1077,1166,89
EMP_RJ_00332,0.1086965433881826,0.11648856610860459,0.050808364202188594,1078,1264,186
EMP_RJ_00220,0.0920458304495464,0.1164652491615884,0.038006782488856694,1079,1370,291
EMP_RJ_00008,0.0943092397344781,0.11640688925120024,0.04316432301980988,1080,1328,248
EMP_RJ_00588,0.0982123797302679,0.11629301717199159,0.040167078352361885,1081,1346,265
EMP_RJ_00007,0.1231449033257784,0.11628927229959973,0.07392734941868628,1082,1136,54
EMP_RJ_00522,0.1121142186821412,0.11622077699332967,0.12379173556695566,1083,849,234
EMP_RJ_00690,0.1070272337450609,0.1162108738681027,0.13189069328516,1084,794,290
EMP_RJ_01086,0.1184163000643515,0.11620653641512935,0.16391210321257876,1085,677,408
EMP_RJ_00098,0.09066868540726,0.115855007100505,0.040959958966911625,1086,1342,256
EMP_RJ_00360,0.1114946155890606,0.11555982133584575,0.04938147536567383,1087,1278,191
EMP_RJ_00661,0.1105116675479094,0.11524415561429702,0.12208911230007269,1090,860,230
EMP_RJ_00665,0.1105116675479094,0.11524415561429702,0.12208911230007269,1090,860,230
EMP_RJ_00659,0.110864778928004,0.11524415561429702,0.12238911433722899,1090,857,233
EMP_RJ_00663,0.1105116675479094,0.11524415561429702,0.12208911230007269,1090,860,230
EMP_RJ_00669,0.1105116675479094,0.11524415561429702,0.12208911230007269,1090,860,230
EMP_RJ_00854,0.134852636997556,0.1150510274226616,0.14452759759214207,1093,739,354
EMP_RJ_00857,0.1302254549361361,0.11503486326801393,0.15091471634262843,1094,709,385
EMP_RJ_00660,0.1071002120545137,0.11493708531993985,0.12979022403066853,1095,807,288
EMP_RJ_00666,0.1071002120545137,0.11493708531993985,0.12979022403066853,1095,807,288
EMP_RJ_00579,0.0857752710928747,0.11481659997348403,0.03977823979482886,1097,1351,254
EMP_RJ_00016,0.0862559698952294,0.11467974973508344,0.12619692639048652,1098,825,273
EMP_RJ_00594,0.1003487160233405,0.11457117498783975,0.040167078352361885,1099,1346,247
EMP_RJ_00188,0.0920458304495464,0.11455425870860214,0.038396699449932736,1101,1364,263
EMP_RJ_00196,0.0920458304495464,0.11455425870860214,0.038396699449932736,1101,1364,263
EMP_RJ_00172,0.0920458304495464,0.11455425870860214,0.037576143992467115,1101,1373,272
EMP_RJ_00496,0.0885308580708476,0.11448381044016753,0.04367259204233975,1103,1322,219
EMP_RJ_01093,0.1068511100533508,0.1141218765813724,0.14040624777557842,1104,753,351
EMP_RJ_00537,0.1103435225178445,0.11399100005473795,0.13422248975562656,1105,784,321
EMP_RJ_00564,0.1141197199644835,0.11394325094500213,0.12407999835499217,1106,841,265
EMP_RJ_00344,0.1657678188930459,0.11363272299824057,0.041285233412073796,1107,1340,233
EMP_RJ_00265,0.0877709774592193,0.11354647692964581,0.18631434688028614,1108,620,488
EMP_RJ_00508,0.0978076941101857,0.11294877580300966,0.03919469504213191,1109,1355,246
EMP_RJ_00517,0.0978076941101857,0.11294877580300966,0.041590004094299804,1109,1336,227
EMP_RJ_00353,0.086016952064288,0.11282220248610453,0.044522821112900846,1111,1315,204
EMP_RJ_00847,0.1267248624594181,0.1127051305786193,0.17786552449951132,1112,647,465
EMP_RJ_01119,0.1083880100823757,0.1126158076074999,0.14373563773015563,1113,744,369
EMP_RJ_00649,0.0772224642243569,0.11255202105284823,0.18046073108745508,1114,638,476
EMP_RJ_00474,0.0949370153161238,0.11223037442979455,0.03909048285712924,1115,1358,243
EMP_RJ_00443,0.095878769566709,0.11164809231651629,0.03958227538192405,1116,1354,238
EMP_RJ_01134,0.1054149723607873,0.11023624184721348,0.13029026410705047,1117,804,313
EMP_RJ_00397,0.0971451442085234,0.11014504980043971,0.03444718197075558,1118,1388,270
EMP_RJ_00324,0.0929448888783535,0.10983791561230738,0.03344647794799571,1120,1398,278
EMP_RJ_00327,0.0929448888783535,0.10983791561230738,0.033476525806951485,1120,1397,277
EMP_RJ_00312,0.0918460858961396,0.10983791561230738,0.03370813344460177,1120,1396,276
EMP_RJ_01089,0.1067274524629174,0.10968066821333744,0.17162054315547393,1122,660,462
EMP_RJ_00802,0.1412740805540198,0.10941497472399642,0.18641402787750572,1123,619,504
EMP_RJ_00368,0.0971451442085234,0.10905301333581796,0.033768346911668856,1124,1394,270
EMP_RJ_00367,0.0946725627021284,0.10905301333581796,0.03586861349988579,1124,1381,257
EMP_RJ_00972,0.1140795282702504,0.10896615690280242,0.05569244949529362,1126,1232,106
EMP_RJ_00286,0.1617440779988287,0.10895614211242899,0.06103651349489214,1127,1197,70
EMP_RJ_00516,0.1288666939526512,0.1086438916740502,0.039943250888937465,1128,1349,221
EMP_RJ_00323,0.0876144517427177,0.1080570713466964,0.042422060878564705,1129,1331,202
EMP_RJ_00156,0.0751259711194931,0.10648192740761109,0.11218448686056304,1130,921,209
EMP_RJ_00759,0.0910492855409963,0.1063824062311235,0.13961161653418652,1131,760,371
EMP_RJ_00718,0.1068621442993574,0.1061326574195024,0.11621553190425182,1132,895,237
EMP_RJ_00730,0.1072780513384118,0.10611023467304725,0.02197083271033351,1133,1436,303
EMP_RJ_00125,0.0767692935670725,0.10565635306062049,0.17792995940181622,1134,646,488
EMP_RJ_00584,0.1025091615056654,0.10537632436271283,0.031914424732089164,1135,1404,269
EMP_RJ_01283,0.1074795804576758,0.10515219019283684,0.12982776971878818,1136,806,330
EMP_RJ_00782,0.1015099184235993,0.10486483810465685,0.04870753671964245,1137,1283,146
EMP_RJ_00515,0.1483497037330591,0.10449341892879838,0.048792021898904636,1138,1280,142
EMP_RJ_00948,0.1115072511697522,0.10400000152045108,0.1348149974897389,1139,783,356
EMP_RJ_01100,0.0627540960108692,0.10394984500260318,0.16135098019140448,1140,685,455
EMP_RJ_00469,0.1408300153669716,0.10391450948016179,0.04113858286647987,1141,1341,200
EMP_RJ_00562,0.0756219984367005,0.10345479777768751,0.033131984481746035,1142,1399,257
EMP_RJ_00149,0.0817821117814748,0.10323852140528567,0.028074469398204793,1143,1415,272
EMP_RJ_00804,0.0788632606106226,0.10298861725339814,0.035952893932897134,1144,1380,236
EMP_RJ_00507,0.1496020528804192,0.10298274461456669,0.04704070783601988,1145,1290,145
EMP_RJ_00412,0.125362312966291,0.10292542653144254,0.041532999676112015,1146,1338,192
EMP_RJ_00295,0.0763317881026103,0.10222533500291642,0.11218207873462294,1147,922,225
EMP_RJ_01043,0.1282075803773416,0.1022177433196072,0.13159000785631159,1148,795,353
EMP_RJ_00011,0.0946742321917692,0.10221735181064295,0.04224777397649371,1149,1332,183
EMP_RJ_01097,0.1045908710765853,0.10132411191545743,0.16164495359661646,1150,684,466
EMP_RJ_01099,0.1045908710765853,0.10132411191545743,0.1598185583745222,1150,688,462
EMP_RJ_00015,0.0762271884838997,0.10125797191923924,0.11828282515820965,1152,881,271
EMP_RJ_00032,0.0757069209400027,0.1008746467827677,0.11418321052008507,1153,909,244
EMP_RJ_01244,0.0985608771587297,0.10052322883512621,0.056148134863625354,1154,1228,74
EMP_RJ_00981,0.0915986091495412,0.10033911919154748,0.029113966989729345,1155,1412,257
EMP_RJ_00136,0.0664290528409392,0.09981998091712219,0.11372298032890138,1156,910,246
EMP_RJ_00429,0.1208089675511896,0.09960586945907057,0.13922226512564462,1157,763,394
EMP_RJ_00585,0.0753707501279898,0.09960417795279075,0.027077295651587785,1158,1419,261
EMP_RJ_00879,0.1097823795729477,0.0994109257004534,0.11607343283420235,1159,897,262
EMP_RJ_00432,0.1477171460898838,0.09938150250923028,0.048792021898904636,1160,1280,120
EMP_RJ_00379,0.1392043375823655,0.09933301712346443,0.039905780873648045,1161,1350,189
EMP_RJ_01155,0.0673640769977407,0.09924863277809481,0.11073737093113789,1162,931,231
EMP_RJ_01076,0.0673640769977407,0.09877946607812238,0.11038906347634392,1163,935,228
EMP_RJ_00233,0.1385306913514408,0.098763285056098,0.033794265998136175,1164,1393,229
EMP_RJ_00060,0.1330323411031481,0.09861941496759452,0.03607508374096824,1165,1379,214
EMP_RJ_00866,0.1250608184913787,0.09847674201791168,0.11531976032750046,1166,904,262
EMP_RJ_01110,0.0898210374839832,0.0984761744671161,0.12940820885988513,1167,809,358
EMP_RJ_00672,0.0969409910119668,0.09785127591364073,0.026974014392671664,1168,1420,252
EMP_RJ_00227,0.1297217680327959,0.09775072037234311,0.03493168088043552,1169,1384,215
EMP_RJ_01057,0.0916830744837314,0.09742342615577393,0.13341152689670144,1170,786,384
EMP_RJ_01059,0.0916830744837314,0.09742342615577393,0.13341152689670144,1170,786,384
EMP_RJ_00767,0.0673640769977407,0.09737928336567114,0.10982946023083417,1172,938,234
EMP_RJ_01050,0.0368206714598973,0.09727162886268736,0.17011609573841902,1173,663,510
EMP_RJ_01157,0.0753998143524635,0.09720983328192556,0.037292751237147925,1174,1375,201
EMP_RJ_00085,0.1507696547734879,0.0971382091815618,0.04985088116344161,1175,1273,98
EMP_RJ_00925,0.0947603464453605,0.0968041848556579,0.04028809017191681,1176,1344,168
EMP_RJ_00875,0.1011871376510186,0.09667813084499788,0.14103311533467933,1177,751,426
EMP_RJ_00054,0.0868579830099116,0.0965630210964159,0.03371934640370067,1178,1395,217
EMP_RJ_00105,0.0790010026664965,0.09631276615531914,0.1464398658020959,1179,729,450
EMP_RJ_00304,0.1267998493119715,0.09603411255487293,0.03282025349814022,1180,1401,221
EMP_RJ_00313,0.1242450150234427,0.09579671259264777,0.034520414266005384,1181,1387,206
EMP_RJ_00974,0.1159472727097792,0.09567441218809714,0.12940146681029252,1182,810,372
EMP_RJ_01004,0.1096579110433261,0.0955364883349934,0.12283127371036096,1183,854,329
EMP_RJ_00803,0.1234702412295419,0.09539304895269696,0.12484984063879512,1184,833,351
EMP_RJ_00204,0.0738469778808136,0.09522415582764321,0.10080026055470415,1185,999,186
EMP_RJ_00182,0.0877288877196931,0.09507260272042528,0.027659101678733422,1186,1416,230
EMP_RJ_00135,0.0680136472254031,0.09505549857214135,0.10294082919062264,1187,986,201
EMP_RJ_00526,0.0540350248258638,0.09499364976584834,0.13774663273290455,1188,768,420
EMP_RJ_00871,0.1106764097964266,0.09456943801312456,0.145112349600231,1189,735,454
EMP_RJ_01051,0.0695749145824988,0.09388886892693671,0.11331226554892138,1190,913,277
EMP_RJ_01014,0.0932491790214694,0.09374987905292831,0.041584034986659524,1191,1337,146
EMP_RJ_00826,0.1236785990984998,0.0937229974349616,0.13880478154685694,1192,765,427
EMP_RJ_00529,0.1047277736700643,0.09360042696657322,0.14011971959302705,1193,756,437
EMP_RJ_00887,0.0750119445969731,0.09326251915225514,0.1253071007230926,1194,830,364
EMP_RJ_00294,0.0753265618586483,0.09325544349461834,0.031923252910452504,1195,1403,208
EMP_RJ_00346,0.0612228669234936,0.09289263357775734,0.14790515272279914,1196,720,476
EMP_RJ_00239,0.0791256315446677,0.09278736503364038,0.13969863367077906,1197,759,438
EMP_RJ_00845,0.1221102761640371,0.09269681256686624,0.12547399224542066,1198,829,369
EMP_RJ_00644,0.104275724452288,0.09241067049861029,0.12552018957043054,1199,828,371
EMP_RJ_00345,0.0884392224475618,0.09236419031577592,0.0975392244651766,1200,1011,189
EMP_RJ_00337,0.0785516408366385,0.09190642103931257,0.13988979733490448,1201,758,443
EMP_RJ_00492,0.0662034835000489,0.09183863476301735,0.10656209439569175,1202,967,235
EMP_RJ_00471,0.0929162619595346,0.091636158942484,0.10849360241606798,1203,949,254
EMP_RJ_00243,0.0654838660315623,0.09126146616795328,0.09810166025886913,1204,1009,195
EMP_RJ_00711,0.0827638470259103,0.09119518020970252,0.14966465363861148,1205,713,492
EMP_RJ_01024,0.0921058288406417,0.0908229420893556,0.03898217946588889,1206,1360,154
EMP_RJ_00997,0.0911136129338551,0.09063555776327847,0.03484131614690522,1207,1385,178
EMP_RJ_00629,0.069166183156099,0.09058836699516581,0.017282826771407023,1208,1452,244
EMP_RJ_00654,0.0822141233030554,0.09045271270615607,0.01013771006407671,1209,1482,273
EMP_RJ_00528,0.0674561912100567,0.09022567133189519,0.018203129464321344,1210,1450,240
EMP_RJ_00061,0.0914578947865921,0.090214893170803,0.009320964723069314,1211,1490,279
EMP_RJ_00451,0.0956273238056197,0.09018425382235029,0.02195115865249564,1212,1437,225
EMP_RJ_00830,0.1007617880964807,0.09009433616237295,0.13256038674500092,1213,792,421
EMP_RJ_00889,0.085182480813314,0.09008761337037485,0.11251103532937434,1214,919,295
EMP_RJ_00895,0.1324106045093106,0.0900468250265436,0.14021013954927297,1215,755,460
EMP_RJ_01137,0.0752782521467554,0.08998122919171869,0.09602561592868042,1216,1025,191
EMP_RJ_00542,0.0631287111263495,0.08935302636780706,0.10173036340407537,1217,993,224
EMP_RJ_00215,0.0581848374741972,0.08914851832841408,0.14758606763896676,1218,724,494
EMP_RJ_00370,0.0717657758548553,0.08886374494221305,0.026656083541527265,1219,1421,202
EMP_RJ_01085,0.0896491590341536,0.08851358180781776,0.12403232034664868,1221,845,376
EMP_RJ_01068,0.0896491590341536,0.08851358180781776,0.12403232034664868,1221,845,376
EMP_RJ_01074,0.0896491590341536,0.08851358180781776,0.12367951606210381,1221,853,368
EMP_RJ_01067,0.0896491590341536,0.08851358180781776,0.12403232034664868,1221,845,376
EMP_RJ_01207,0.1056029497526056,0.08842613589512727,0.11582585596725381,1224,899,325
EMP_RJ_00619,0.0903851742675354,0.08722982834558668,0.01579416043002313,1225,1459,234
EMP_RJ_00301,0.0849685576462628,0.0870415687531686,0.0975138743477395,1226,1012,214
EMP_RJ_00410,0.064859351321895,0.08663665393159359,0.10056934737283696,1227,1000,227
EMP_RJ_00386,0.0669704977473031,0.08663665393159359,0.09605972007748775,1227,1024,203
EMP_RJ_00333,0.065731314126941,0.08651803718052087,0.0969660123606002,1229,1015,214
EMP_RJ_00837,0.1149040572175292,0.08642983315729769,0.12903646888446807,1230,813,417
EMP_RJ_00238,0.066573439785035,0.08638843494186077,0.08521074512100979,1231,1084,147
EMP_RJ_00741,0.0664085188600454,0.08638420565325022,0.09941178684481944,1232,1004,228
EMP_RJ_00653,0.0819699121605282,0.08628715135907017,0.009640784983209083,1233,1489,256
EMP_RJ_00746,0.066366698543947,0.08606729670159907,0.10262147502700658,1234,989,245
EMP_RJ_00185,0.0667865999068257,0.08598328581909376,0.08786797089716702,1235,1066,169
EMP_RJ_00254,0.0863129369000285,0.08517334829004897,0.015216078358017082,1236,1462,226
EMP_RJ_01502,0.0776588381393168,0.0850012802312442,0.1188572580571412,1237,879,358
EMP_RJ_01132,0.0797900498437568,0.08439080258993936,0.09465071012752846,1238,1032,206
EMP_RJ_01052,0.0842034774481937,0.08428197224468936,0.09748671858466196,1239,1013,226
EMP_RJ_00088,0.099536500369357,0.08374940307378798,0.011718348852871818,1240,1476,236
EMP_RJ_00293,0.0969476750280216,0.08371497134032657,0.11220956226084111,1241,920,321
EMP_RJ_01009,0.0876415993132626,0.08322483467195396,0.11071866368740224,1242,933,309
EMP_RJ_00329,0.086837953228115,0.08289473829659988,0.0009468014744130615,1243,1519,276
EMP_RJ_00700,0.073799390704219,0.08285538538655335,0.10167890881863528,1244,994,250
EMP_RJ_01136,0.0756532706379627,0.08225288820504528,0.0920423891381501,1245,1048,197
EMP_RJ_00352,0.0849280464867893,0.08212837539639173,0.09404175724646757,1246,1034,212
EMP_RJ_01080,0.0732062899687128,0.08128565825532008,0.09177132038683733,1247,1051,196
EMP_RJ_00050,0.0819828405894148,0.08118124349979805,0.016313014029126105,1248,1456,208
EMP_RJ_00513,0.058138467745855,0.08101942522088212,0.015412766916937493,1249,1460,211
EMP_RJ_01214,0.1045880291755414,0.08096689912277366,0.12453292613280742,1250,837,413
EMP_RJ_00401,0.086541194847509,0.08096572607494679,0.014603710671962422,1251,1465,214
EMP_RJ_00158,0.0806043961020948,0.08093528910456227,0.014536341945900144,1252,1466,214
EMP_RJ_01120,0.0732062899687128,0.08092218619872493,0.09177132038683733,1253,1051,202
EMP_RJ_00057,0.0813094065674322,0.08076284119822785,0.015824761229809803,1254,1458,204
EMP_RJ_00291,0.0819098637551589,0.0805234271213231,0.0117128565606196,1255,1477,222
EMP_RJ_00478,0.0651597516261145,0.0799412427884546,0.010813881256406033,1256,1481,225
EMP_RJ_00490,0.0761035734625585,0.07959739508786767,0.0053157555275337165,1257,1506,249
EMP_RJ_00622,0.0763307846955847,0.07943630627518583,0.008390343451468496,1258,1496,238
EMP_RJ_00027,0.0971169635024877,0.07933945765039296,0.12157194015440742,1259,864,395
EMP_RJ_00176,0.0912970910069513,0.07892922116958312,0.013651615029955932,1260,1469,209
EMP_RJ_00244,0.0666721154776277,0.07885409910405083,0.08802659993331019,1261,1064,197
EMP_RJ_01034,0.1015270156743584,0.07880162103489674,0.11642423907611199,1262,893,369
EMP_RJ_00212,0.0721028274172846,0.07848323350541342,0.00685723473986144,1263,1500,237
EMP_RJ_00633,0.021826532541997,0.07734530515843896,0.1460904667428906,1264,732,532
EMP_RJ_01280,0.0674832667013166,0.07642152589643691,0.08801462684753636,1265,1065,200
EMP_RJ_01047,0.0554755813607884,0.07631724561591291,0.08200120977444036,1266,1097,169
EMP_RJ_01240,0.0564451005857039,0.07627293628991394,0.09894007372594182,1267,1006,261
EMP_RJ_00722,0.0826512666291758,0.0761591534871936,0.08680684194913724,1268,1071,197
EMP_RJ_00973,0.0701406329603181,0.07575454468884224,0.09985019916002169,1269,1003,266
EMP_RJ_00423,0.0847327509259854,0.07538941310503122,0.00847804141196462,1270,1495,225
EMP_RJ_00797,0.05451761948208,0.0753201070867725,0.09333624920664896,1271,1039,232
EMP_RJ_00414,0.0711834082631915,0.07492752671219816,0.005701172430656709,1272,1505,233
EMP_RJ_00400,0.0737204373179601,0.07492752671219816,0.004303090936966791,1272,1510,238
EMP_RJ_00880,0.0664042246763796,0.07490148978280953,0.08783395830952534,1274,1067,207
EMP_RJ_00052,0.070903991332777,0.07342324969667213,0.0097618284078409,1275,1486,211
EMP_RJ_00969,0.0864205473685845,0.07319783663810986,0.11066169334124165,1276,934,342
EMP_RJ_00971,0.0844646659413181,0.07319783663810986,0.10484328435230317,1276,979,297
EMP_RJ_00193,0.0717612737104557,0.07301867681303542,0.006620205053908368,1278,1501,223
EMP_RJ_00709,0.0544869738782773,0.07298457550401838,0.08189531532733818,1279,1099,180
EMP_RJ_00838,0.1134940290337611,0.07195137594754009,0.11074737085716957,1280,930,350
EMP_RJ_00084,0.0888161402530076,0.07184382195796635,0.08280021959183681,1281,1091,190
EMP_RJ_01209,0.0880093176410073,0.07161212411116136,0.10466252191633862,1282,981,301
EMP_RJ_00129,0.0722540585227526,0.0714464994037105,0.00882273005360168,1283,1493,210
EMP_RJ_00446,0.0105109102549112,0.0712178157977511,0.14033753797522242,1284,754,530
EMP_RJ_00819,0.077287595508408,0.07069339040738343,0.08377033586895166,1285,1087,198
EMP_RJ_00813,0.0858953358061968,0.07034853890509718,0.0876339625941055,1286,1068,218
EMP_RJ_00392,0.0721988841905765,0.07020952407702896,0.006388790982890136,1287,1502,215
EMP_RJ_00146,0.0863575159987989,0.06999776756510967,0.09020112049393236,1288,1058,230
EMP_RJ_00814,0.0727865501346447,0.06999041599024003,0.10576292054635128,1289,973,316
EMP_RJ_00222,0.0718506948716309,0.06996171933437279,0.004483853202539412,1290,1509,219
EMP_RJ_00818,0.0778527082033467,0.06937203451054641,0.09639008940470284,1291,1020,271
EMP_RJ_01035,0.0864924051690244,0.06928859443817814,0.09535616413916215,1292,1028,264
EMP_RJ_00203,0.0435195731887526,0.06924395516495119,0.08019818942983248,1293,1111,182
EMP_RJ_01038,0.1047739259578968,0.06917789688483922,0.11604332579685583,1294,898,396
EMP_RJ_01512,0.0782129895124037,0.06895263665469376,0.022107632027293267,1295,1435,140
EMP_RJ_00138,0.0671947367038633,0.06842026487411668,0.0012946894479314297,1296,1518,222
EMP_RJ_00235,0.0433113731588205,0.06832854738710903,0.07896670526743432,1297,1116,181
EMP_RJ_00363,0.0700839572742827,0.0674536329233485,0.001398934782374739,1298,1517,219
EMP_RJ_00945,0.0731104985845905,0.0673508443307631,0.08814063340185452,1299,1062,237
EMP_RJ_00900,0.0743788617515892,0.066908568946349,0.07643861770797966,1300,1128,172
EMP_RJ_00201,0.0714046979081699,0.06690470196436848,0.004277996986868815,1301,1511,210
EMP_RJ_00167,0.0466356748273045,0.06666786039005579,0.07603029717839427,1302,1131,171
EMP_RJ_00387,0.082261763200822,0.06664319575765731,0.08654081585899775,1303,1072,231
EMP_RJ_00106,0.0447668353120956,0.06642330797075735,0.0822405848120139,1304,1093,211
EMP_RJ_01001,0.1038589516047799,0.06594404340815607,0.11265685039103934,1305,918,387
EMP_RJ_01165,0.0471708479529687,0.06569734659840254,0.08946686695926787,1306,1060,246
EMP_RJ_00025,0.0702082450317957,0.06539467894852058,0.01184133455233749,1307,1474,167
EMP_RJ_00183,0.0714046979081699,0.06499315096423408,0.004277996986868815,1308,1511,203
EMP_RJ_00639,0.0921728661322203,0.06488496309200609,0.09615552480465961,1309,1022,287
EMP_RJ_00114,0.0445566219552829,0.06486688065224544,0.07503154500346743,1310,1132,178
EMP_RJ_00696,0.0502475993278301,0.06481857172439653,0.06818677224471381,1311,1160,151
EMP_RJ_00902,0.1000949323111293,0.06414526717961488,0.09608258474438658,1312,1023,289
EMP_RJ_01222,0.0737980529118098,0.06392069538975409,0.085865736887068,1313,1076,237
EMP_RJ_00794,0.0923608272992539,0.06369438782252168,0.09056329408688524,1314,1057,257
EMP_RJ_00870,0.0505611748461938,0.06359738942765725,0.05953770142777681,1315,1203,112
EMP_RJ_00773,0.0529790869465784,0.06340649420909394,0.07885941906549165,1316,1117,199
EMP_RJ_00364,0.0466895995368842,0.06295796650803609,0.07819253534354165,1317,1120,197
EMP_RJ_00591,0.0431098253834275,0.06282618398573336,0.058780330059357455,1318,1208,110
EMP_RJ_00787,0.0941937540179626,0.06268838892170725,0.09251386345798596,1319,1042,277
EMP_RJ_00299,0.0735446895356438,0.06264644690479493,0.002043885659143263,1320,1516,196
EMP_RJ_00807,0.0506160070798512,0.0624438579285137,0.07330094013380761,1321,1142,179
EMP_RJ_00912,0.0540791162835744,0.0624438579285137,0.07220648149894249,1321,1143,178
EMP_RJ_00450,0.0769613780096627,0.06109962490101151,0.07406748298632182,1323,1135,188
EMP_RJ_00213,0.0859505528444812,0.06003306700860078,0.0825609489041117,1324,1092,232
EMP_RJ_00444,0.0451640386554141,0.05998283481901945,0.07921073766292719,1325,1114,211
EMP_RJ_00701,0.080533497392752,0.059952504250536,0.08209332180839857,1326,1096,230
EMP_RJ_00631,0.0658510093191542,0.059502811286361146,0.06569037292418634,1327,1176,151
EMP_RJ_00163,0.0668811532991779,0.05902917453158352,0.06353907092353328,1328,1184,144
EMP_RJ_00097,0.0880685018178082,0.058627310608017624,0.08573906395199127,1329,1077,252
EMP_RJ_00130,0.0398603732662408,0.05861848687226101,0.059241421646093584,1330,1207,123
EMP_RJ_00207,0.0681902411762876,0.05740067149162065,0.07099991346109291,1331,1149,182
EMP_RJ_01026,0.0869678653701025,0.0573588926414742,0.08562320974589643,1332,1080,252
EMP_RJ_00472,0.0438366167670412,0.057230462094874146,0.052610065721696575,1333,1251,82
EMP_RJ_00613,0.0821820328601661,0.056940048150282085,0.10560210140438675,1334,976,358
EMP_RJ_01164,0.09381691017765,0.05691777357180028,0.09694700090352748,1335,1016,319
EMP_RJ_01211,0.0460485800081624,0.05649070056079031,0.07063891458641414,1336,1153,183
EMP_RJ_01221,0.0446684484408482,0.05600746353787889,0.06985711915370074,1337,1156,181
EMP_RJ_00815,0.037132855679923,0.05587209331843501,0.0738679127369063,1338,1138,200
EMP_RJ_01194,0.0392549663773663,0.05511361810690141,0.0659393326236799,1339,1174,165
EMP_RJ_00017,0.0511038094478075,0.05472212770223739,0.05760123041755294,1340,1212,128
EMP_RJ_01039,0.0370558521201785,0.054663403606165284,0.0617887307585282,1341,1192,149
EMP_RJ_00377,0.0473851007859739,0.054314657954151246,0.06429028797421721,1342,1181,161
EMP_RJ_01200,0.0628418590037979,0.054258549044357784,0.08218377361808094,1343,1094,249
EMP_RJ_01023,0.0413500677025272,0.05422767043565602,0.06742102239294956,1344,1167,177
EMP_RJ_00637,0.0585640071147983,0.05408175103787727,0.05430054140066842,1345,1242,103
EMP_RJ_00510,0.0750013000077034,0.05369819340347992,0.07351387241196794,1346,1141,205
EMP_RJ_00924,0.0572713366154967,0.053128657664531564,0.06341037233048208,1347,1185,162
EMP_RJ_00089,0.0321073334913911,0.05296985728823511,0.06799959435328318,1348,1162,186
EMP_RJ_00523,0.0733320753394092,0.052812930634402844,0.07160659155246407,1349,1146,203
EMP_RJ_00038,0.0319539227811493,0.05235106481430163,0.06305889095584061,1350,1187,163
EMP_RJ_00348,0.0744758199595176,0.05225060607318843,0.06808503470906069,1351,1161,190
EMP_RJ_00005,0.0367973058396318,0.05202805280964218,0.06487052256548564,1352,1178,174
EMP_RJ_00252,0.0570951279067347,0.05154529258794727,0.04365916691322014,1353,1323,30
EMP_RJ_01032,0.0524011818510075,0.05122222572844959,0.06651534949913751,1354,1169,185
EMP_RJ_01064,0.0577442089685686,0.05055116561229456,0.07071426290292171,1355,1150,205
EMP_RJ_01217,0.0652569665515427,0.05053925127029846,0.07423667959803038,1356,1133,223
EMP_RJ_00249,0.0310560617175335,0.04984920867768683,0.061382237609992174,1357,1194,163
EMP_RJ_00152,0.0316483344137404,0.04963233568048875,0.05758952686939045,1358,1213,145
EMP_RJ_01191,0.0375049441525798,0.04951794710179991,0.05616557201315553,1359,1227,132
EMP_RJ_00466,0.0423883145826247,0.049379752357255446,0.05095062949896545,1360,1263,97
EMP_RJ_01213,0.0593892576897733,0.04922339284585686,0.06318817287134504,1361,1186,175
EMP_RJ_01238,0.0593892576897733,0.04922339284585686,0.061846530002736766,1361,1191,170
EMP_RJ_01102,0.0355932846621711,0.049070135461299236,0.05323561830951873,1363,1250,113
EMP_RJ_00076,0.032332707782247,0.048885838663889514,0.06032457743437436,1364,1199,165
EMP_RJ_00124,0.0319823241469507,0.04877459034136333,0.06011828214718906,1365,1200,165
EMP_RJ_00891,0.0612234298466523,0.04810330487490033,0.07100202062372507,1366,1148,218
EMP_RJ_01031,0.0426271568256216,0.047963484617559726,0.061858899782133214,1367,1190,177
EMP_RJ_00534,0.0266833549717375,0.04733841496483804,0.06246776925716058,1368,1189,179
EMP_RJ_00668,0.0358592685199419,0.046841102961357906,0.06627848581826401,1369,1173,196
EMP_RJ_01169,0.0351536664789263,0.04662922396677616,0.04751170584077202,1370,1287,83
EMP_RJ_00604,0.0333533512405298,0.04625701648753511,0.04092259920215602,1371,1343,28
EMP_RJ_01241,0.0348326939405605,0.04561942305648803,0.055329053594499356,1372,1234,138
EMP_RJ_00221,0.0475942200032113,0.04529865396619748,0.0535072847931648,1373,1249,124
EMP_RJ_00476,0.053642413130665,0.04528314163517255,0.0447794101520087,1374,1312,62
EMP_RJ_00000,0.0285803532891411,0.04520415877113548,0.052535368654314074,1375,1252,123
EMP_RJ_00954,0.0748857446044406,0.04518318682708833,0.07119156965504936,1376,1147,229
EMP_RJ_00427,0.0533236127443299,0.04503597354248312,0.059358279587325646,1377,1204,173
EMP_RJ_00552,0.0266809635254583,0.044824130011460905,0.05664405536615358,1379,1215,164
EMP_RJ_00573,0.0266809635254583,0.044824130011460905,0.0547258593970934,1379,1239,140
EMP_RJ_00571,0.0266809635254583,0.044824130011460905,0.0547258593970934,1379,1239,140
EMP_RJ_00646,0.0302043483009302,0.0443521978948922,0.04181469137143279,1381,1333,48
EMP_RJ_00113,0.0587712743764702,0.04402561932650828,0.05214846092380443,1382,1254,128
EMP_RJ_01015,0.0329215985478186,0.04401719523275793,0.04643886695150323,1383,1299,84
EMP_RJ_00461,0.0534639036996749,0.04391107353021351,0.04704070783601988,1384,1290,94
EMP_RJ_00608,0.0269575294814384,0.043473048066367204,0.05618476172397657,1385,1225,160
EMP_RJ_00624,0.0270200655324888,0.043473048066367204,0.05618476172397657,1385,1225,160
EMP_RJ_01234,0.0398016619971115,0.04314396656240704,0.06128749461549532,1387,1195,192
EMP_RJ_00460,0.0277000274823296,0.042651614049843745,0.0551275386002722,1388,1237,151
EMP_RJ_00484,0.029049624781567,0.04257091802624724,0.05519588796801622,1389,1236,153
EMP_RJ_00275,0.0276988884374692,0.042530472159031274,0.039150676809209806,1390,1356,34
EMP_RJ_00806,0.0295370577653436,0.04233680630708425,0.05147759317009859,1391,1255,136
EMP_RJ_00391,0.0302147211687168,0.041933945133403316,0.0504745368532441,1392,1266,126
EMP_RJ_00019,0.0253685085352242,0.04187782542272456,0.04357493937891288,1393,1324,69
EMP_RJ_00102,0.022197586777267,0.04078882633439285,0.046113953996566814,1394,1301,93
EMP_RJ_00483,0.0471233197082695,0.040780387021533415,0.046826984176024045,1395,1294,101
EMP_RJ_00035,0.0220457511049381,0.04059946088057487,0.041746815016613925,1396,1334,62
EMP_RJ_00929,0.0510359923158467,0.04042110342058891,0.06448021934192771,1397,1180,217
EMP_RJ_00048,0.0220457511049381,0.04041860049527246,0.04152807236424583,1398,1339,59
EMP_RJ_01513,0.0290084530813908,0.040315075461115346,0.05015114626842221,1399,1271,128
EMP_RJ_01506,0.0290084530813908,0.040315075461115346,0.04980068784076286,1399,1274,125
EMP_RJ_00251,0.0428959529987257,0.040264394055426145,0.046790415365764115,1401,1295,106
EMP_RJ_00162,0.0207038020624813,0.03882044940287066,0.037871207362462855,1402,1372,30
EMP_RJ_00568,0.0493024025686351,0.03876859415495959,0.04590149453027503,1403,1305,98
EMP_RJ_00771,0.043661994567207,0.03844931203615787,0.051449694457632034,1404,1256,148
EMP_RJ_00885,0.0280799997767287,0.038262769697444465,0.0416736105401293,1405,1335,70
EMP_RJ_01212,0.0236007053534635,0.03792151035198643,0.04396105314725762,1406,1320,86
EMP_RJ_00566,0.043482520004317,0.037870424866644714,0.04597483904260724,1407,1302,105
EMP_RJ_00955,0.0465563332593805,0.03769509184768716,0.055440280876281056,1408,1233,175
EMP_RJ_00266,0.0428959529987257,0.03761278083217656,0.046790415365764115,1409,1295,114
EMP_RJ_00262,0.0559953497401712,0.037612319939339445,0.04961289896956611,1410,1276,134
EMP_RJ_00055,0.0234064088392842,0.03735543538331376,0.03913394481527355,1411,1357,54
EMP_RJ_00281,0.0518231663870147,0.0373174604478147,0.043003427846371345,1412,1330,82
EMP_RJ_00689,0.0298568629955509,0.03722811382447622,0.049492542505585435,1413,1277,136
EMP_RJ_00280,0.0454936767333908,0.03717158125360309,0.04634583781347268,1414,1300,114
EMP_RJ_00255,0.0205004659252151,0.037130697589472295,0.03609718300585385,1415,1377,38
EMP_RJ_00224,0.0234160889938204,0.03690781827963685,0.04437395950701506,1416,1318,98
EMP_RJ_00147,0.0253177637538256,0.03675518983648707,0.037319033923355116,1417,1374,43
EMP_RJ_01230,0.0328205095682377,0.036612407040677364,0.05023031384054755,1418,1269,149
EMP_RJ_00134,0.0496880922033737,0.03626492397545711,0.03830830039771038,1419,1368,51
EMP_RJ_00086,0.0523835233346117,0.036229297872898414,0.03857100703240146,1420,1363,57
EMP_RJ_01153,0.0342169417362016,0.03557286886328481,0.0513651688779132,1422,1257,165
EMP_RJ_01190,0.0354215502960821,0.03557286886328481,0.053550381397650115,1422,1248,174
EMP_RJ_01098,0.0342169417362016,0.03557286886328481,0.0513651688779132,1422,1257,165
EMP_RJ_00335,0.0210680827755397,0.03541104612860302,0.038252866216507364,1424,1369,55
EMP_RJ_01245,0.0356910370851399,0.03494297085216258,0.06791669056761174,1425,1163,262
EMP_RJ_00909,0.0572439556125964,0.03475516979661619,0.06638532044462331,1426,1170,256
EMP_RJ_00349,0.0502876020531171,0.034716519332798956,0.03207084902226642,1427,1402,25
EMP_RJ_00953,0.0347786043274233,0.03457059898687109,0.043125291813407185,1428,1329,99
EMP_RJ_00268,0.0219905829069609,0.03446698043980212,0.03609718300585385,1429,1377,52
EMP_RJ_00325,0.0464255381719682,0.03437770099825488,0.04572872350491852,1430,1307,123
EMP_RJ_00297,0.0218867987234225,0.0342536788518647,0.03419329854581765,1431,1392,39
EMP_RJ_00683,0.05008041014656,0.03391075525893694,0.04596567660674011,1432,1303,129
EMP_RJ_00422,0.0213222944124424,0.03385082615427737,0.037974139186652156,1433,1371,62
EMP_RJ_00679,0.0282734411646635,0.03347586865347252,0.04452055660131404,1434,1316,118
EMP_RJ_00760,0.032241476679463,0.0320530777681558,0.050272501696174254,1435,1267,168
EMP_RJ_00041,0.0536497210958849,0.031477488802749254,0.043399490309285915,1436,1327,109
EMP_RJ_00396,0.0235114573745762,0.03141705157479335,0.03444718197075558,1437,1388,49
EMP_RJ_00216,0.0352138093056535,0.031178811069114576,0.035569214677341754,1438,1382,56
EMP_RJ_00708,0.0290722471393252,0.03100343238336878,0.039605560909818927,1439,1352,87
EMP_RJ_00849,0.0347141800092807,0.030455011254093,0.04565099566152453,1440,1308,132
EMP_RJ_01028,0.0531580233502599,0.030236250361814543,0.04741694290518372,1441,1289,152
EMP_RJ_00159,0.0213918239296069,0.030146699383395092,0.03832120849267828,1442,1367,75
EMP_RJ_00707,0.0290244090939698,0.030091803636270065,0.04594962697659499,1443,1304,139
EMP_RJ_00277,0.0508596893917849,0.029553546167530476,0.034225513990309264,1444,1391,53
EMP_RJ_00615,0.0162598518986248,0.028800055331337004,0.02739403306579491,1445,1418,27
EMP_RJ_01188,0.027721851682152,0.027644259394392634,0.0389252649351467,1446,1362,84
EMP_RJ_00378,0.0426984270022647,0.027517210839843154,0.029820079307025793,1447,1409,38
EMP_RJ_00581,0.0216889136000314,0.027469126810475863,0.03501946121823096,1448,1383,65
EMP_RJ_01154,0.0168293095690962,0.026139869011833183,0.031450012376147196,1449,1406,43
EMP_RJ_00869,0.0102699647752584,0.02595985045569238,0.02189381936571444,1450,1438,12
EMP_RJ_00428,0.0201622666974452,0.025559538215346178,0.025004135065553323,1451,1425,26
EMP_RJ_00037,0.0169123332633264,0.02554852106301042,0.024154700968608278,1452,1428,24
EMP_RJ_00083,0.015800571075577,0.025459627848310018,0.02552639164286752,1453,1423,30
EMP_RJ_00169,0.0161915358628078,0.025458661784226955,0.027659101678733422,1454,1416,38
EMP_RJ_00046,0.0146440215186928,0.024589148183143728,0.029648127902842214,1455,1410,45
EMP_RJ_00932,0.0165513040229611,0.02452574703260424,0.028580975260154906,1456,1414,42
EMP_RJ_00831,0.0446984051975731,0.024211188652413895,0.04579480313383233,1457,1306,151
EMP_RJ_00403,0.0226626095918561,0.02384627739027645,0.030639058653870954,1458,1408,50
EMP_RJ_00673,0.0169050445685624,0.023222698789053142,0.02377404562205543,1459,1431,28
EMP_RJ_01177,0.0175116906378763,0.02274437129139073,0.02507898968662936,1460,1424,36
EMP_RJ_00279,0.0186502880359533,0.022308465921823784,0.024296842367340088,1461,1427,34
EMP_RJ_00816,0.0293984181810784,0.022305041665523162,0.03098430784470818,1462,1407,55
EMP_RJ_00477,0.010748901182395,0.02208435869041847,0.020367661730708142,1463,1442,21
EMP_RJ_00354,0.0164390793752832,0.021992188391539158,0.016816118900659704,1464,1454,10
EMP_RJ_00366,0.0172192352024543,0.02037703571033045,0.023876447249061905,1465,1430,35
EMP_RJ_00509,0.0087879710748906,0.020141679577935667,0.019254334747994317,1466,1446,20
EMP_RJ_01185,0.0259103933977338,0.019862196615562433,0.039602807366315496,1467,1353,114
EMP_RJ_00724,0.0116532497684538,0.01952972620868365,0.02587836786113984,1468,1422,46
EMP_RJ_01077,0.0098949585732299,0.019389439229815175,0.019661264079756435,1469,1444,25
EMP_RJ_00003,0.0163648388009611,0.019318903574682023,0.03293309470405137,1470,1400,70
EMP_RJ_00202,0.0094999492906792,0.019069915628414535,0.014736721629169502,1471,1463,8
EMP_RJ_01005,0.0200282517455334,0.01902388833852997,0.02407738667397885,1472,1429,43
EMP_RJ_00667,0.0120221309575342,0.018610122064319223,0.018239580380535414,1473,1449,24
EMP_RJ_00398,0.0321941485184367,0.018433869748542997,0.017493534389059984,1474,1451,23
EMP_RJ_00010,0.031554732463859,0.018358870746641998,0.019956852769089872,1475,1443,32
EMP_RJ_00992,0.0294444714432651,0.01820427300756078,0.038334141667095256,1476,1366,110
EMP_RJ_01253,0.0132496641285689,0.01774492889774526,0.03466870864734728,1477,1386,91
EMP_RJ_00049,0.0227794644373384,0.017007853649668947,0.03186739239516179,1478,1405,73
EMP_RJ_00197,0.0237362438006989,0.016807443093742602,0.011154135370782692,1479,1479,0
EMP_RJ_00234,0.0235322612039704,0.016714660989420316,0.009852251439666726,1480,1484,4
EMP_RJ_00546,0.009474320949,0.016698269873392513,0.017005462112996805,1481,1453,28
EMP_RJ_01002,0.011796018177919,0.016421457387280514,0.029278262794524834,1482,1411,71
EMP_RJ_00978,0.0381537574658424,0.01603875157427992,0.053881410209986824,1483,1244,239
EMP_RJ_00475,0.006626691029638,0.015281236824044031,0.007458803656385404,1484,1499,15
EMP_RJ_00984,0.0291001004762014,0.015094522024683199,0.03610996409131051,1485,1376,109
EMP_RJ_00753,0.0135627996901551,0.01496124690897338,0.014731475474478395,1486,1464,22
EMP_RJ_00593,0.004228254477142,0.014587862542015939,0.013670701350413594,1487,1468,19
EMP_RJ_00519,0.0044099103156115,0.014120703520528854,0.014332048298686284,1488,1467,21
EMP_RJ_00112,0.013272220634438,0.014066220929963458,0.016412755796738288,1489,1455,34
EMP_RJ_00080,0.0073690002954311,0.01391064001322273,0.008502238327832479,1490,1494,4
EMP_RJ_00785,0.008774623812161,0.013826674228227254,0.022189534654386,1491,1434,57
EMP_RJ_00684,0.0140699699473915,0.01358970326184128,0.028669221268647016,1492,1413,79
EMP_RJ_00311,0.022429814423562,0.013473305178566042,0.009124143965463682,1493,1491,2
EMP_RJ_00727,0.006817678366916,0.012828104589412748,0.023051235375677104,1494,1432,62
EMP_RJ_00051,0.0185688906338772,0.012406245892783163,0.015279193986303397,1495,1461,34
EMP_RJ_00219,0.0049157420438989,0.012334770319277988,0.006353491487974372,1496,1503,7
EMP_RJ_00500,0.0206325310429231,0.012213828333298427,0.012819720864091222,1497,1471,26
EMP_RJ_00764,0.0103819728193508,0.011985871320721153,0.022234972978484868,1498,1433,65
EMP_RJ_00415,0.0059855608278137,0.01136490326723183,0.012546151080413903,1499,1472,27
EMP_RJ_00755,0.0124231448048611,0.011298009148551946,0.01900806664061394,1500,1448,52
EMP_RJ_00347,0.0113481340631872,0.011127950218556282,0.012342576881937739,1501,1473,28
EMP_RJ_00440,0.006762542135446,0.01105369845730253,0.015946664909079145,1502,1457,45
EMP_RJ_00688,0.0082334507243958,0.010666057385848582,0.02044841303874867,1503,1441,62
EMP_RJ_00532,0.0123043184305995,0.010228086988382401,0.019105158567712777,1504,1447,57
EMP_RJ_00597,0.0094431909996373,0.009911761405872688,0.019660351755132255,1505,1445,60
EMP_RJ_00465,0.0022586761230185,0.009867232680938365,0.0053157555275337165,1506,1506,0
EMP_RJ_00576,0.0039905289923786,0.009829094766598434,0.009658842259649192,1507,1488,19
EMP_RJ_00040,0.0088913401394231,0.009631822264768997,0.02165440242937222,1508,1439,69
EMP_RJ_00458,0.0064172474820777,0.007190578171474615,0.00966314340127794,1509,1487,22
EMP_RJ_00635,0.0067709942609681,0.006873684065367702,0.009079761183242718,1510,1492,18
EMP_RJ_00671,0.0091889241901474,0.0068484986821782945,0.011539850291528597,1511,1478,33
EMP_RJ_00655,0.0077160238009029,0.005819931463861616,0.013293432434267727,1512,1470,42
EMP_RJ_00482,0.0031517916517194,0.005723755863201396,0.004626009821489641,1513,1508,5
EMP_RJ_00253,0.0028882076177382,0.005338567144913542,0.003403040985964556,1514,1514,0
EMP_RJ_00180,0.0016634411583275,0.00438199463747635,0.0040119079977725125,1515,1513,2
EMP_RJ_00351,0.0064124417785756,0.004380629672944059,0.0,1516,1520,4
EMP_RJ_00506,0.0057439644069057,0.0042294837603671365,0.010110375891195678,1517,1483,34
EMP_RJ_00319,0.007055662162579,0.004110898936839469,0.011749576798511074,1518,1475,43
EMP_RJ_00453,0.0,0.0025444663872136175,0.003226416646923469,1519,1515,4
EMP_RJ_00283,0.0028603344883315,0.0,0.007587613571312435,1520,1497,23
